id	nama	kategori	overlay	vonis	per_emiten	catatan
sma	Simple Moving Average (SMA)	Moving Averages	true	BEKERJA	BBCA=BEKERJA ARCI=BEKERJA	BBCA: 2461 titik, 7415 NaN
adr	Average Day Range (ADR)	Volatility	false	BEKERJA	BBCA=BEKERJA ARCI=BEKERJA	BBCA: 2456 titik, 13 NaN
alma	Arnaud Legoux Moving Average (ALMA)	Moving Averages	true	BEKERJA	BBCA=BEKERJA ARCI=BEKERJA	BBCA: 2461 titik, 8 NaN
atr	Average True Range (ATR)	Volatility	false	BEKERJA	BBCA=BEKERJA ARCI=BEKERJA	BBCA: 2456 titik, 13 NaN
bb	Bollinger Bands (BB)	Channels & Bands	true	BEKERJA	BBCA=BEKERJA ARCI=BEKERJA	BBCA: 7350 titik, 57 NaN
bop	Balance of Power (BOP)	Momentum	false	BEKERJA	BBCA=BEKERJA ARCI=BEKERJA	BBCA: 2405 titik, 64 NaN
cci	Commodity Channel Index (CCI)	Oscillators	false	BEKERJA	BBCA=BEKERJA ARCI=BEKERJA	BBCA: 4887 titik, 4989 NaN
dema	Double EMA (DEMA)	Moving Averages	true	BEKERJA	BBCA=BEKERJA ARCI=BEKERJA	BBCA: 2453 titik, 16 NaN
ema	Exponential Moving Average (EMA)	Moving Averages	true	BEKERJA	BBCA=BEKERJA ARCI=BEKERJA	BBCA: 2461 titik, 7415 NaN
hma	Hull Moving Average (HMA)	Moving Averages	true	BEKERJA	BBCA=BEKERJA ARCI=BEKERJA	BBCA: 2459 titik, 10 NaN
ichimoku	Ichimoku Cloud	Trend	true	BEKERJA	BBCA=BEKERJA ARCI=BEKERJA	BBCA: 19340 titik, 2881 NaN
keltner	Keltner Channels (KC)	Channels & Bands	true	BEKERJA	BBCA=BEKERJA ARCI=BEKERJA	BBCA: 7350 titik, 57 NaN
lsma	Least Squares Moving Average (LSMA)	Moving Averages	true	BEKERJA	BBCA=BEKERJA ARCI=BEKERJA	BBCA: 2445 titik, 24 NaN
macd	MACD	Momentum	false	BEKERJA	BBCA=BEKERJA ARCI=BEKERJA	BBCA: 7316 titik, 91 NaN
mass-index	Mass Index	Trend	false	BEKERJA	BBCA=BEKERJA ARCI=BEKERJA	BBCA: 2444 titik, 25 NaN
mc-ginley-dynamic	McGinley Dynamic	Moving Averages	true	BEKERJA	BBCA=BEKERJA ARCI=BEKERJA	BBCA: 2469 titik
momentum	Momentum	Momentum	false	BEKERJA	BBCA=BEKERJA ARCI=BEKERJA	BBCA: 2459 titik, 10 NaN
obv	On Balance Volume (OBV)	Volume	false	BEKERJA	BBCA=BEKERJA ARCI=BEKERJA	BBCA: 2469 titik, 7407 NaN
rma	Smoothed Moving Average (RMA)	Moving Averages	true	BEKERJA	BBCA=BEKERJA ARCI=BEKERJA	BBCA: 2463 titik, 6 NaN
roc	Rate of Change (ROC)	Momentum	false	BEKERJA	BBCA=BEKERJA ARCI=BEKERJA	BBCA: 2460 titik, 9 NaN
rsi	Relative Strength Index (RSI)	Oscillators	false	BEKERJA	BBCA=BEKERJA ARCI=BEKERJA	BBCA: 7515 titik, 9768 NaN
stoch	Stochastic	Oscillators	false	BEKERJA	BBCA=BEKERJA ARCI=BEKERJA	BBCA: 4910 titik, 28 NaN
tema	Triple EMA (TEMA)	Moving Averages	true	BEKERJA	BBCA=BEKERJA ARCI=BEKERJA	BBCA: 2445 titik, 24 NaN
vwma	Volume Weighted Moving Average (VWMA)	Moving Averages	true	BEKERJA	BBCA=BEKERJA ARCI=BEKERJA	BBCA: 2450 titik, 19 NaN
wma	Weighted Moving Average (WMA)	Moving Averages	true	BEKERJA	BBCA=BEKERJA ARCI=BEKERJA	BBCA: 2461 titik, 8 NaN
donchian	Donchian Channels (DC)	Channels & Bands	true	BEKERJA	BBCA=BEKERJA ARCI=BEKERJA	BBCA: 7350 titik, 57 NaN
parabolic-sar	Parabolic SAR	Trend	true	BEKERJA	BBCA=BEKERJA ARCI=BEKERJA	BBCA: 2468 titik, 1 NaN
supertrend	Supertrend	Trend	true	BEKERJA	BBCA=BEKERJA ARCI=BEKERJA	BBCA: 4928 titik, 2479 NaN
adx	Average Directional Index (ADX)	Trend	false	BEKERJA	BBCA=BEKERJA ARCI=BEKERJA	BBCA: 2443 titik, 26 NaN
awesome-oscillator	Awesome Oscillator	Oscillators	false	BEKERJA	BBCA=BEKERJA ARCI=BEKERJA	BBCA: 2436 titik, 33 NaN
bbtrend	BBTrend	Trend	false	BEKERJA	BBCA=BEKERJA ARCI=BEKERJA	BBCA: 2420 titik, 49 NaN
bull-bear-power	Bull Bear Power	Momentum	false	BEKERJA	BBCA=BEKERJA ARCI=BEKERJA	BBCA: 2457 titik, 12 NaN
chande-mo	Chande Momentum Oscillator	Oscillators	false	BEKERJA	BBCA=BEKERJA ARCI=BEKERJA	BBCA: 2460 titik, 9 NaN
dpo	Detrended Price Oscillator	Oscillators	false	BEKERJA	BBCA=BEKERJA ARCI=BEKERJA	BBCA: 2438 titik, 31 NaN
elder-force	Elder Force Index	Momentum	false	BEKERJA	BBCA=BEKERJA ARCI=BEKERJA	BBCA: 2456 titik, 13 NaN
hist-volatility	Historical Volatility	Volatility	false	BEKERJA	BBCA=BEKERJA ARCI=BEKERJA	BBCA: 2459 titik, 10 NaN
ma-cross	MA Cross	Moving Averages	true	BEKERJA	BBCA=BEKERJA ARCI=BEKERJA	BBCA: 5050 titik, 2357 NaN
ma-ribbon	Moving Average Ribbon	Moving Averages	true	BEKERJA	BBCA=BEKERJA ARCI=BEKERJA	BBCA: 9510 titik, 366 NaN
median	Median	Channels & Bands	true	BEKERJA	BBCA=BEKERJA ARCI=BEKERJA	BBCA: 12309 titik, 2505 NaN
mfi	Money Flow Index	Volume	false	BEKERJA	BBCA=BEKERJA ARCI=BEKERJA	BBCA: 2455 titik, 14 NaN
pvt	Price Volume Trend	Volume	false	BEKERJA	BBCA=BEKERJA ARCI=BEKERJA	BBCA: 2469 titik
rvi	Relative Vigor Index	Oscillators	false	BEKERJA	BBCA=BEKERJA ARCI=BEKERJA	BBCA: 4911 titik, 27 NaN
smi-ergodic	SMI Ergodic Indicator	Oscillators	false	BEKERJA	BBCA=BEKERJA ARCI=BEKERJA	BBCA: 4886 titik, 52 NaN
smi-ergodic-osc	SMI Ergodic Oscillator	Oscillators	false	BEKERJA	BBCA=BEKERJA ARCI=BEKERJA	BBCA: 2441 titik, 28 NaN
smma	Smoothed Moving Average	Moving Averages	true	BEKERJA	BBCA=BEKERJA ARCI=BEKERJA	BBCA: 2463 titik, 6 NaN
stdev	Standard Deviation	Volatility	false	BEKERJA	BBCA=BEKERJA ARCI=BEKERJA	BBCA: 2450 titik, 19 NaN
stoch-rsi	Stochastic RSI	Oscillators	false	BEKERJA	BBCA=BEKERJA ARCI=BEKERJA	BBCA: 4902 titik, 36 NaN
trend-strength	Trend Strength Index	Trend	false	BEKERJA	BBCA=BEKERJA ARCI=BEKERJA	BBCA: 7379 titik, 2497 NaN
tsi	True Strength Index	Oscillators	false	BEKERJA	BBCA=BEKERJA ARCI=BEKERJA	BBCA: 4852 titik, 86 NaN
volume-osc	Volume Oscillator	Volume	false	BEKERJA	BBCA=BEKERJA ARCI=BEKERJA	BBCA: 2460 titik, 9 NaN
vortex	Vortex Indicator	Trend	false	BEKERJA	BBCA=BEKERJA ARCI=BEKERJA	BBCA: 4910 titik, 28 NaN
williams-alligator	Williams Alligator	Trend	true	BEKERJA	BBCA=BEKERJA ARCI=BEKERJA	BBCA: 7368 titik, 39 NaN
williams-r	Williams %R	Oscillators	false	BEKERJA	BBCA=BEKERJA ARCI=BEKERJA	BBCA: 2456 titik, 13 NaN
woodies-cci	Woodies CCI	Oscillators	false	BEKERJA	BBCA=BEKERJA ARCI=BEKERJA	BBCA: 7376 titik, 31 NaN
bb-percent-b	Bollinger Bands %B	Oscillators	false	BEKERJA	BBCA=BEKERJA ARCI=BEKERJA	BBCA: 2450 titik, 19 NaN
bb-bandwidth	Bollinger BandWidth	Volatility	false	BEKERJA	BBCA=BEKERJA ARCI=BEKERJA	BBCA: 7350 titik, 57 NaN
chaikin-mf	Chaikin Money Flow	Volume	false	BEKERJA	BBCA=BEKERJA ARCI=BEKERJA	BBCA: 2450 titik, 19 NaN
envelope	Envelope	Channels & Bands	true	BEKERJA	BBCA=BEKERJA ARCI=BEKERJA	BBCA: 7350 titik, 57 NaN
price-oscillator	Price Oscillator (PPO)	Momentum	false	BEKERJA	BBCA=BEKERJA ARCI=BEKERJA	BBCA: 7316 titik, 91 NaN
aroon	Aroon	Trend	false	BEKERJA	BBCA=BEKERJA ARCI=BEKERJA	BBCA: 4910 titik, 28 NaN
coppock-curve	Coppock Curve	Momentum	false	BEKERJA	BBCA=BEKERJA ARCI=BEKERJA	BBCA: 2446 titik, 23 NaN
choppiness	Choppiness Index	Trend	false	BEKERJA	BBCA=BEKERJA ARCI=BEKERJA	BBCA: 2456 titik, 13 NaN
eom	Ease of Movement	Volume	false	BEKERJA	BBCA=BEKERJA ARCI=BEKERJA	BBCA: 2028 titik, 441 NaN
chaikin-osc	Chaikin Oscillator	Volume	false	BEKERJA	BBCA=BEKERJA ARCI=BEKERJA	BBCA: 2460 titik, 9 NaN
zigzag	Zig Zag	Trend	true	BUTUH_MASUKAN_LAIN	BBCA=BUTUH_MASUKAN_LAIN ARCI=BUTUH_MASUKAN_LAIN	BBCA: tanpa plotConfig — keluarannya penanda/label, bukan deret angka
fisher-transform	Fisher Transform	Oscillators	false	BEKERJA	BBCA=BEKERJA ARCI=BEKERJA	BBCA: 4921 titik, 17 NaN
trix	TRIX	Momentum	false	BEKERJA	BBCA=BEKERJA ARCI=BEKERJA	BBCA: 2417 titik, 52 NaN
dmi	Directional Movement Index	Trend	false	BEKERJA	BBCA=BEKERJA ARCI=BEKERJA	BBCA: 7355 titik, 52 NaN
klinger	Klinger Oscillator	Volume	false	BEKERJA	BBCA=BEKERJA ARCI=BEKERJA	BBCA: 4818 titik, 120 NaN
ultimate-osc	Ultimate Oscillator	Oscillators	false	BEKERJA	BBCA=BEKERJA ARCI=BEKERJA	BBCA: 2441 titik, 28 NaN
chande-kroll-stop	Chande Kroll Stop	Trend	true	BEKERJA	BBCA=BEKERJA ARCI=BEKERJA	BBCA: 4920 titik, 18 NaN
relative-volume-at-time	Relative Volume at Time	Volume	false	BEKERJA	BBCA=BEKERJA ARCI=BEKERJA	BBCA: 2468 titik, 1 NaN
rci-ribbon	RCI Ribbon	Oscillators	false	BEKERJA	BBCA=BEKERJA ARCI=BEKERJA	BBCA: 7320 titik, 87 NaN
volume-delta	Volume Delta	Volume	false	BUTUH_MASUKAN_LAIN	BBCA=BUTUH_MASUKAN_LAIN ARCI=BUTUH_MASUKAN_LAIN	BBCA: tanpa plotConfig — keluarannya penanda/label, bukan deret angka
cvd	Cumulative Volume Delta	Volume	false	BUTUH_MASUKAN_LAIN	BBCA=BUTUH_MASUKAN_LAIN ARCI=BUTUH_MASUKAN_LAIN	BBCA: tanpa plotConfig — keluarannya penanda/label, bukan deret angka
net-volume	Net Volume	Volume	false	BEKERJA	BBCA=BEKERJA ARCI=BEKERJA	BBCA: 2469 titik
kst	Know Sure Thing (KST)	Momentum	false	BEKERJA	BBCA=BEKERJA ARCI=BEKERJA	BBCA: 4842 titik, 96 NaN
connors-rsi	Connors RSI	Oscillators	false	BEKERJA	BBCA=BEKERJA ARCI=BEKERJA	BBCA: 2368 titik, 101 NaN
chop-zone	Chop Zone	Trend	false	MATI	BBCA=MATI ARCI=MATI	BBCA: konstan 1.000000000 sepanjang 2469 titik
rci	Rank Correlation Index (RCI)	Oscillators	false	BEKERJA	BBCA=BEKERJA ARCI=BEKERJA	BBCA: 4907 titik, 4969 NaN
rvol	Relative Volatility Index	Volatility	false	BEKERJA	BBCA=BEKERJA ARCI=BEKERJA	BBCA: 4887 titik, 4989 NaN
williams-fractals	Williams Fractals	Trend	true	BUTUH_MASUKAN_LAIN	BBCA=BUTUH_MASUKAN_LAIN ARCI=BUTUH_MASUKAN_LAIN	BBCA: tanpa plotConfig — keluarannya penanda/label, bukan deret angka
twap	Time Weighted Average Price (TWAP)	Moving Averages	true	BEKERJA	BBCA=BEKERJA ARCI=BEKERJA	BBCA: 2469 titik
bb-bars	Bollinger Bars	Volatility	true	BUTUH_MASUKAN_LAIN	BBCA=BUTUH_MASUKAN_LAIN ARCI=BUTUH_MASUKAN_LAIN	BBCA: tanpa plotConfig — keluarannya penanda/label, bukan deret angka
moon-phases	Moon Phases	Trend	true	BUTUH_MASUKAN_LAIN	BBCA=BUTUH_MASUKAN_LAIN ARCI=BUTUH_MASUKAN_LAIN	BBCA: tanpa plotConfig — keluarannya penanda/label, bukan deret angka
zlsma	Zero Lag LSMA (ZLSMA)	Moving Averages	true	BEKERJA	BBCA=BEKERJA ARCI=BEKERJA	BBCA: 2407 titik, 62 NaN
forecast-oscillator	Forecast Oscillator	Oscillators	false	BEKERJA	BBCA=BEKERJA ARCI=BEKERJA	BBCA: 2456 titik, 13 NaN
cct-bbo	CCT Bollinger Band Oscillator	Oscillators	false	BEKERJA	BBCA=BEKERJA ARCI=BEKERJA	BBCA: 4886 titik, 52 NaN
macd-4c	MACD 4C	Momentum	false	BEKERJA	BBCA=BEKERJA ARCI=BEKERJA	BBCA: 2444 titik, 25 NaN
colored-volume	Colored Volume Bars	Volume	false	BEKERJA	BBCA=BEKERJA ARCI=BEKERJA	BBCA: 2469 titik, 2469 NaN
kdj	KDJ	Oscillators	false	BEKERJA	BBCA=BEKERJA ARCI=BEKERJA	BBCA: 7383 titik, 24 NaN
wavetrend	WaveTrend	Oscillators	false	BEKERJA	BBCA=BEKERJA ARCI=BEKERJA	BBCA: 7287 titik, 120 NaN
squeeze-momentum	Squeeze Momentum	Momentum	false	BEKERJA	BBCA=BEKERJA ARCI=BEKERJA	BBCA: 4880 titik, 58 NaN
coral-trend	Coral Trend	Trend	true	BEKERJA	BBCA=BEKERJA ARCI=BEKERJA	BBCA: 2448 titik, 21 NaN
chandelier-exit	Chandelier Exit	Trend	true	BEKERJA	BBCA=BEKERJA ARCI=BEKERJA	BBCA: 7341 titik, 66 NaN
impulse-macd	Impulse MACD	Momentum	false	BEKERJA	BBCA=BEKERJA ARCI=BEKERJA	BBCA: 7209 titik, 198 NaN
schaff-trend-cycle	Schaff Trend Cycle	Oscillators	false	BEKERJA	BBCA=BEKERJA ARCI=BEKERJA	BBCA: 7257 titik, 150 NaN
donchian-trend-ribbon	Donchian Trend Ribbon	Trend	false	BEKERJA	BBCA=BEKERJA ARCI=BEKERJA	BBCA: 24490 titik, 200 NaN
obv-macd	OBV MACD	Volume	false	BEKERJA	BBCA=BEKERJA ARCI=BEKERJA	BBCA: 2623 titik, 4784 NaN
alpha-trend	AlphaTrend	Trend	true	BEKERJA	BBCA=BEKERJA ARCI=BEKERJA	BBCA: 4908 titik, 30 NaN
half-trend	HalfTrend	Trend	true	BEKERJA	BBCA=BEKERJA ARCI=BEKERJA	BBCA: 7107 titik, 300 NaN
qqe-mod	QQE MOD	Momentum	false	BEKERJA	BBCA=BEKERJA ARCI=BEKERJA	BBCA: 6270 titik, 3606 NaN
follow-line	Follow Line	Trend	true	BEKERJA	BBCA=BEKERJA ARCI=BEKERJA	BBCA: 2448 titik, 21 NaN
ut-bot	UT Bot	Trend	true	BEKERJA	BBCA=BEKERJA ARCI=BEKERJA	BBCA: 2459 titik, 10 NaN
hull-suite	Hull Suite	Trend	true	BEKERJA	BBCA=BEKERJA ARCI=BEKERJA	BBCA: 4816 titik, 122 NaN
optimized-trend-tracker	Optimized Trend Tracker	Trend	true	BEKERJA	BBCA=BEKERJA ARCI=BEKERJA	BBCA: 4914 titik, 24 NaN
trend-magic	Trend Magic	Trend	true	BEKERJA	BBCA=BEKERJA ARCI=BEKERJA	BBCA: 2449 titik, 20 NaN
ssl-channel	SSL Channel	Trend	true	BEKERJA	BBCA=BEKERJA ARCI=BEKERJA	BBCA: 4918 titik, 20 NaN
mavilimw	MavilimW	Trend	true	BEKERJA	BBCA=BEKERJA ARCI=BEKERJA	BBCA: 4782 titik, 156 NaN
cdc-action-zone	CDC Action Zone	Trend	true	BEKERJA	BBCA=BEKERJA ARCI=BEKERJA	BBCA: 4886 titik, 52 NaN
tillson-t3	Tillson T3	Trend	true	BEKERJA	BBCA=BEKERJA ARCI=BEKERJA	BBCA: 2421 titik, 48 NaN
waddah-attar-explosion	Waddah Attar Explosion	Momentum	false	BEKERJA	BBCA=BEKERJA ARCI=BEKERJA	BBCA: 9476 titik, 400 NaN
ripster-ema-clouds	Ripster EMA Clouds	Trend	true	BEKERJA	BBCA=BEKERJA ARCI=BEKERJA	BBCA: 23970 titik, 720 NaN
premier-rsi	Premier RSI Oscillator	Momentum	false	BEKERJA	BBCA=BEKERJA ARCI=BEKERJA	BBCA: 4874 titik, 64 NaN
laguerre-rsi	Laguerre RSI	Momentum	false	BEKERJA	BBCA=BEKERJA ARCI=BEKERJA	BBCA: 2465 titik, 4 NaN
rsi-candles	RSI Candles	Momentum	false	BUTUH_MASUKAN_LAIN	BBCA=BUTUH_MASUKAN_LAIN ARCI=BUTUH_MASUKAN_LAIN	BBCA: tanpa plotConfig — keluarannya penanda/label, bukan deret angka
zero-lag-macd	Zero Lag MACD	Momentum	false	BEKERJA	BBCA=BEKERJA ARCI=BEKERJA	BBCA: 9984 titik, 4830 NaN
awesome-oscillator-v2	Awesome Oscillator V2	Oscillators	false	BEKERJA	BBCA=BEKERJA ARCI=BEKERJA	BBCA: 4864 titik, 74 NaN
cm-ema-trend-bars	CM EMA Trend Bars	Trend	true	BEKERJA	BBCA=BEKERJA ARCI=BEKERJA	BBCA: 2435 titik, 34 NaN
bb-fibonacci-ratios	BB Fibonacci Ratios	Channels & Bands	true	BEKERJA	BBCA=BEKERJA ARCI=BEKERJA	BBCA: 17143 titik, 140 NaN
average-sentiment-oscillator	Average Sentiment Oscillator	Oscillators	false	BEKERJA	BBCA=BEKERJA ARCI=BEKERJA	BBCA: 4918 titik, 20 NaN
atr-trailing-stops	ATR Trailing Stops	Trend	true	BEKERJA	BBCA=BEKERJA ARCI=BEKERJA	BBCA: 2464 titik, 5 NaN
accurate-swing-trading	Accurate Swing Trading	Trend	true	BEKERJA	BBCA=BEKERJA ARCI=BEKERJA	BBCA: 2466 titik, 3 NaN
bull-bear-power-trend	Bull Bear Power Trend	Momentum	false	BEKERJA	BBCA=BEKERJA ARCI=BEKERJA	BBCA: 13694 titik, 3589 NaN
bb-breakout-oscillator	BB Breakout Oscillator	Oscillators	false	BEKERJA	BBCA=BEKERJA ARCI=BEKERJA	BBCA: 7379 titik, 28 NaN
chandelier-stop	Chandelier Stop	Trend	true	BEKERJA	BBCA=BEKERJA ARCI=BEKERJA	BBCA: 4894 titik, 44 NaN
stochastic-momentum-index	Stochastic Momentum Index	Oscillators	false	BEKERJA	BBCA=BEKERJA ARCI=BEKERJA	BBCA: 16995 titik, 288 NaN
volume-flow-indicator	Volume Flow Indicator	Volume	false	RUSAK	BBCA=RUSAK ARCI=RUSAK	BBCA: 7407 nilai NaN/Infinity, nol berhingga
ehlers-instantaneous-trend	Ehlers Instantaneous Trend	Trend	true	BEKERJA	BBCA=BEKERJA ARCI=BEKERJA	BBCA: 4924 titik, 14 NaN
price-momentum-oscillator	Price Momentum Oscillator	Momentum	false	BEKERJA	BBCA=BEKERJA ARCI=BEKERJA	BBCA: 7302 titik, 105 NaN
fibonacci-bollinger-bands	Fibonacci Bollinger Bands	Channels & Bands	true	BEKERJA	BBCA=BEKERJA ARCI=BEKERJA	BBCA: 29497 titik, 2600 NaN
trend-trigger-factor	Trend Trigger Factor	Oscillators	false	BEKERJA	BBCA=BEKERJA ARCI=BEKERJA	BBCA: 7317 titik, 90 NaN
elliott-wave-oscillator	Elliott Wave Oscillator	Oscillators	false	BEKERJA	BBCA=BEKERJA ARCI=BEKERJA	BBCA: 2435 titik, 34 NaN
madrid-trend-squeeze	Madrid Trend Squeeze	Momentum	false	BEKERJA	BBCA=BEKERJA ARCI=BEKERJA	BBCA: 7305 titik, 102 NaN
kaufman-adaptive-ma	Kaufman Adaptive Moving Average	Moving Averages	true	BEKERJA	BBCA=BEKERJA ARCI=BEKERJA	BBCA: 2455 titik, 14 NaN
williams-vix-fix	Williams Vix Fix	Volatility	false	BEKERJA	BBCA=BEKERJA ARCI=BEKERJA	BBCA: 2447 titik, 7429 NaN
ehlers-mesa-ma	Ehlers MESA Adaptive Moving Average	Moving Averages	true	BEKERJA	BBCA=BEKERJA ARCI=BEKERJA	BBCA: 4838 titik, 100 NaN
gann-high-low	Gann High Low	Trend	true	BEKERJA	BBCA=BEKERJA ARCI=BEKERJA	BBCA: 2448 titik, 21 NaN
cm-sling-shot	CM Sling Shot System	Trend	true	BEKERJA	BBCA=BEKERJA ARCI=BEKERJA	BBCA: 4814 titik, 124 NaN
range-identifier	Range Identifier	Channels & Bands	true	BEKERJA	BBCA=BEKERJA ARCI=BEKERJA	BBCA: 9740 titik, 136 NaN
smoothed-heiken-ashi	Smoothed Heiken Ashi	Trend	true	BUTUH_MASUKAN_LAIN	BBCA=BUTUH_MASUKAN_LAIN ARCI=BUTUH_MASUKAN_LAIN	BBCA: tanpa plotConfig — keluarannya penanda/label, bukan deret angka
macd-leader	MACD Leader	Momentum	false	BEKERJA	BBCA=BEKERJA ARCI=BEKERJA	BBCA: 9734 titik, 142 NaN
ift-stoch-rsi-cci	IFT Stoch RSI CCI	Momentum	false	BEKERJA	BBCA=BEKERJA ARCI=BEKERJA	BBCA: 12183 titik, 162 NaN
variable-ma	Variable Moving Average	Moving Averages	true	BEKERJA	BBCA=BEKERJA ARCI=BEKERJA	BBCA: 2451 titik, 18 NaN
obv-oscillator	OBV Oscillator	Volume	false	BEKERJA	BBCA=BEKERJA ARCI=BEKERJA	BBCA: 4898 titik, 40 NaN
gmma	Guppy Multiple Moving Average	Moving Averages	true	BEKERJA	BBCA=BEKERJA ARCI=BEKERJA	BBCA: 28908 titik, 720 NaN
turtle-trade-channels	Turtle Trade Channels	Channels & Bands	true	BEKERJA	BBCA=BEKERJA ARCI=BEKERJA	BBCA: 14692 titik, 122 NaN
linear-regression-channel	Linear Regression Channel	Channels & Bands	true	BEKERJA	BBCA=BEKERJA ARCI=BEKERJA	BBCA: 8676 titik, 1200 NaN
twin-range-filter	Twin Range Filter	Trend	true	BEKERJA	BBCA=BEKERJA ARCI=BEKERJA	BBCA: 4884 titik, 54 NaN
tma-bands	Triangular MA Bands	Channels & Bands	true	BEKERJA	BBCA=BEKERJA ARCI=BEKERJA	BBCA: 7305 titik, 102 NaN
ehlers-stochastic-cg	Ehlers Stochastic CG Oscillator	Oscillators	false	BEKERJA	BBCA=BEKERJA ARCI=BEKERJA	BBCA: 4906 titik, 32 NaN
vpci	Volume Price Confirmation Indicator	Volume	false	BEKERJA	BBCA=BEKERJA ARCI=BEKERJA	BBCA: 12115 titik, 2699 NaN
premier-stochastic	Premier Stochastic Oscillator	Oscillators	false	BEKERJA	BBCA=BEKERJA ARCI=BEKERJA	BBCA: 4822 titik, 116 NaN
volume-accumulation-pct	Volume Accumulation Percentage	Volume	false	BEKERJA	BBCA=BEKERJA ARCI=BEKERJA	BBCA: 9796 titik, 80 NaN
vervoort-ha-oscillator	Vervoort HA LT Candlestick Oscillator	Oscillators	false	BEKERJA	BBCA=BEKERJA ARCI=BEKERJA	BBCA: 2304 titik, 165 NaN
adx-cobra	ADX by cobra	Trend	false	BEKERJA	BBCA=BEKERJA ARCI=BEKERJA	BBCA: 7352 titik, 55 NaN
ai-engulfing	AI Engulfing Candle	Candlestick Patterns	true	BEKERJA	BBCA=BEKERJA ARCI=BEKERJA	BBCA: 2449 titik, 20 NaN
ak-trend-id	AK TREND ID	Trend	false	BEKERJA	BBCA=BEKERJA ARCI=BEKERJA	BBCA: 4922 titik, 16 NaN
all-candlestick-patterns	All Candlestick Patterns	Candlestick Patterns	true	RUSAK	BBCA=RUSAK ARCI=RUSAK	BBCA: 2469 nilai NaN/Infinity, nol berhingga
anti-volume-stop	Anti-Volume Stop Loss	Trend	true	BEKERJA	BBCA=BEKERJA ARCI=BEKERJA	BBCA: 2455 titik, 14 NaN
atr-plus	ATR+ Stop Loss Indicator	Trend	false	BEKERJA	BBCA=BEKERJA ARCI=BEKERJA	BBCA: 12275 titik, 70 NaN
atr-trailing-colored	Average True Range Trailing Stops Colored	Trend	true	BEKERJA	BBCA=BEKERJA ARCI=BEKERJA	BBCA: 2455 titik, 14 NaN
auto-fib	Auto Fibonacci	Channels & Bands	true	BEKERJA	BBCA=BEKERJA ARCI=BEKERJA	BBCA: 16933 titik, 350 NaN
auto-support	Auto-Support	Channels & Bands	true	BEKERJA	BBCA=BEKERJA ARCI=BEKERJA	BBCA: 91880 titik, 46384 NaN
auto-support-resistance	Automatic Support & Resistance	Channels & Bands	true	BEKERJA	BBCA=BEKERJA ARCI=BEKERJA	BBCA: 17293 titik, 2459 NaN
bb-stoch-rsi	BB Stochastic RSI Extreme Signal	Oscillators	true	BEKERJA	BBCA=BEKERJA ARCI=BEKERJA	BBCA: 7347 titik, 60 NaN
binary-option-arrows	Binary Option Arrows	Trend	true	RUSAK	BBCA=RUSAK ARCI=RUSAK	BBCA: 2469 nilai NaN/Infinity, nol berhingga
bitcoin-kill-zones	Bitcoin Kill Zones v2	Trend	true	BUTUH_MASUKAN_LAIN	BBCA=BUTUH_MASUKAN_LAIN ARCI=BUTUH_MASUKAN_LAIN	BBCA: tanpa plotConfig — keluarannya penanda/label, bukan deret angka
bullish-engulfing-finder	Bullish Engulfing Finder	Candlestick Patterns	true	RUSAK	BBCA=RUSAK ARCI=RUSAK	BBCA: 2469 nilai NaN/Infinity, nol berhingga
bulls-bears-control	Bulls or Bears in Control	Trend	false	BEKERJA	BBCA=BEKERJA ARCI=BEKERJA	BBCA: 4936 titik, 29630 NaN
buying-selling-volume	Buying Selling Volume	Volume	false	BEKERJA	BBCA=BEKERJA ARCI=BEKERJA	BBCA: 14794 titik, 20 NaN
buy-sell-pressure	Buy & Sell Pressure	Volume	false	BEKERJA	BBCA=BEKERJA ARCI=BEKERJA	BBCA: 17073 titik, 210 NaN
candlestick-reversal	Candlestick Reversal	Candlestick Patterns	true	RUSAK	BBCA=RUSAK ARCI=RUSAK	BBCA: 2469 nilai NaN/Infinity, nol berhingga
cci-obv	CCI coded OBV	Oscillators	false	BEKERJA	BBCA=BEKERJA ARCI=BEKERJA	BBCA: 4926 titik, 12 NaN
cm-enhanced-ichimoku	CM Enhanced Ichimoku Cloud V5	Channels & Bands	true	BEKERJA	BBCA=BEKERJA ARCI=BEKERJA	BBCA: 12059 titik, 286 NaN
cm-gann-swing	CM Gann Swing High Low V2	Trend	true	BEKERJA	BBCA=BEKERJA ARCI=BEKERJA	BBCA: 4901 titik, 37 NaN
cm-guppy-ema	CM Guppy EMA	Moving Averages	true	BEKERJA	BBCA=BEKERJA ARCI=BEKERJA	BBCA: 28908 titik, 720 NaN
cm-heikin-ashi	CM Heikin-Ashi	Candlestick Patterns	true	BUTUH_MASUKAN_LAIN	BBCA=BUTUH_MASUKAN_LAIN ARCI=BUTUH_MASUKAN_LAIN	BBCA: tanpa plotConfig — keluarannya penanda/label, bukan deret angka
cm-laguerre-ppo	CM Laguerre PPO PercentileRank	Oscillators	false	BEKERJA	BBCA=BEKERJA ARCI=BEKERJA	BBCA: 9772 titik, 104 NaN
cm-price-action	CM Price Action Bars	Oscillators	true	RUSAK	BBCA=RUSAK ARCI=RUSAK	BBCA: 2469 nilai NaN/Infinity, nol berhingga
cm-rsi-2-lower	CM RSI-2 Strategy Lower	Oscillators	false	BEKERJA	BBCA=BEKERJA ARCI=BEKERJA	BBCA: 7401 titik, 6 NaN
cm-rsi-2-upper	CM RSI-2 Strategy Upper	Oscillators	true	BEKERJA	BBCA=BEKERJA ARCI=BEKERJA	BBCA: 4733 titik, 205 NaN
cm-rsi-ema	CM RSI Plus EMA	Oscillators	false	BEKERJA	BBCA=BEKERJA ARCI=BEKERJA	BBCA: 9836 titik, 40 NaN
cm-stoch-highlight	CM Stochastic Highlight Bars	Oscillators	false	BUTUH_MASUKAN_LAIN	BBCA=BUTUH_MASUKAN_LAIN ARCI=BUTUH_MASUKAN_LAIN	BBCA: tanpa plotConfig — keluarannya penanda/label, bukan deret angka
cm-time-lines	CM Time Based Vertical Lines	Trend	false	BUTUH_MASUKAN_LAIN	BBCA=BUTUH_MASUKAN_LAIN ARCI=BUTUH_MASUKAN_LAIN	BBCA: tanpa plotConfig — keluarannya penanda/label, bukan deret angka
cm-vix-fix-v3	CM Williams Vix Fix V3	Oscillators	false	BEKERJA	BBCA=BEKERJA ARCI=BEKERJA	BBCA: 12095 titik, 250 NaN
cog-channel	Center of Gravity Channel	Channels & Bands	true	BEKERJA	BBCA=BEKERJA ARCI=BEKERJA	BBCA: 12803 titik, 4480 NaN
darvas-box	Darvas Box	Candlestick Patterns	true	BEKERJA	BBCA=BEKERJA ARCI=BEKERJA	BBCA: 4928 titik, 10 NaN
dmi-adx-levels	Directional Movement Index + ADX & Key Levels	Trend	false	BEKERJA	BBCA=BEKERJA ARCI=BEKERJA	BBCA: 7352 titik, 55 NaN
donchian-custom	Custom Donchian Channels	Channels & Bands	true	BEKERJA	BBCA=BEKERJA ARCI=BEKERJA	BBCA: 7347 titik, 60 NaN
easy-trend-colors	Easy Entry/Exit Trend Colors	Trend	true	MATI	BBCA=MATI ARCI=MATI	BBCA: overlay, 9756 nilainya seluruhnya di luar pita harga 2790-10950 — digambar di luar layar
ema-enveloper	EMA Enveloper	Moving Averages	true	BEKERJA	BBCA=BEKERJA ARCI=BEKERJA	BBCA: 7347 titik, 60 NaN
ema-ma-crossover	EMA & MA Crossover	Moving Averages	true	BEKERJA	BBCA=BEKERJA ARCI=BEKERJA	BBCA: 4886 titik, 52 NaN
ema-multi	EMA 20/50/100/200	Moving Averages	true	BEKERJA	BBCA=BEKERJA ARCI=BEKERJA	BBCA: 9506 titik, 370 NaN
ema-ribbon	EMA Ribbon	Moving Averages	true	BEKERJA	BBCA=BEKERJA ARCI=BEKERJA	BBCA: 19383 titik, 369 NaN
ema-supertrend	EMA + SuperTrend	Moving Averages	true	BEKERJA	BBCA=BEKERJA ARCI=BEKERJA	BBCA: 28928 titik, 5638 NaN
ema-wave	EMA Wave Indicator	Moving Averages	false	BEKERJA	BBCA=BEKERJA ARCI=BEKERJA	BBCA: 7245 titik, 5100 NaN
entry-points	Entry Points	Oscillators	true	BUTUH_MASUKAN_LAIN	BBCA=BUTUH_MASUKAN_LAIN ARCI=BUTUH_MASUKAN_LAIN	BBCA: tanpa plotConfig — keluarannya penanda/label, bukan deret angka
envelope-rsi	Envelope RSI	Oscillators	false	BEKERJA	BBCA=BEKERJA ARCI=BEKERJA	BBCA: 8026 titik, 9257 NaN
evwma-envelope	EVWMA Envelope	Oscillators	true	BEKERJA	BBCA=BEKERJA ARCI=BEKERJA	BBCA: 7347 titik, 60 NaN
faith-indicator	Faith Indicator	Trend	false	BEKERJA	BBCA=BEKERJA ARCI=BEKERJA	BBCA: 4864 titik, 74 NaN
fibonacci-levels	Fibonacci Levels	Channels & Bands	true	BEKERJA	BBCA=BEKERJA ARCI=BEKERJA	BBCA: 30797 titik, 1300 NaN
fibonacci-zone	Fibonacci Zone	Channels & Bands	true	BEKERJA	BBCA=BEKERJA ARCI=BEKERJA	BBCA: 14514 titik, 300 NaN
forex-sessions	Forex Sessions	Oscillators	false	BEKERJA	BBCA=BEKERJA ARCI=BEKERJA	BBCA: 2469 titik
fx-sniper-t3-cci	FX Sniper T3-CCI	Oscillators	false	BEKERJA	BBCA=BEKERJA ARCI=BEKERJA	BBCA: 4912 titik, 26 NaN
hawkeye-volume	HawkEye Volume	Volume	false	BEKERJA	BBCA=BEKERJA ARCI=BEKERJA	BBCA: 2469 titik
ichimoku-ema-bands	Ichimoku EMA Bands	Channels & Bands	true	BEKERJA	BBCA=BEKERJA ARCI=BEKERJA	BBCA: 16696 titik, 587 NaN
intraday-buy-sell	Intraday BUY_SELL	Trend	true	BEKERJA	BBCA=BEKERJA ARCI=BEKERJA	BBCA: 2399 titik, 70 NaN
intraday-ts-bb	Intraday TS BB	Oscillators	false	BEKERJA	BBCA=BEKERJA ARCI=BEKERJA	BBCA: 16224 titik, 13404 NaN
isolated-peak-bottom	Isolated Peak and Bottom	Oscillators	true	RUSAK	BBCA=RUSAK ARCI=RUSAK	BBCA: 2469 nilai NaN/Infinity, nol berhingga
leledc-levels	Leledc Levels	Candlestick Patterns	true	BEKERJA	BBCA=BEKERJA ARCI=BEKERJA	BBCA: 4399 titik, 3008 NaN
linear-regression-candles	Linear Regression Candles	Candlestick Patterns	true	BEKERJA	BBCA=BEKERJA ARCI=BEKERJA	BBCA: 2446 titik, 23 NaN
ma-adx	Moving Average ADX	Moving Averages	true	BEKERJA	BBCA=BEKERJA ARCI=BEKERJA	BBCA: 2435 titik, 34 NaN
macdas	MACDAS	Momentum	false	BEKERJA	BBCA=BEKERJA ARCI=BEKERJA	BBCA: 4862 titik, 76 NaN
macd-bb	AK MACD BB	Momentum	false	BEKERJA	BBCA=BEKERJA ARCI=BEKERJA	BBCA: 9748 titik, 128 NaN
macd-crossover	MACD Crossover	Momentum	false	BEKERJA	BBCA=BEKERJA ARCI=BEKERJA	BBCA: 7315 titik, 92 NaN
macd-dema	MACD DEMA	Momentum	false	BEKERJA	BBCA=BEKERJA ARCI=BEKERJA	BBCA: 7223 titik, 184 NaN
macd-divergence	MACD Divergence	Momentum	false	BEKERJA	BBCA=BEKERJA ARCI=BEKERJA	BBCA: 7340 titik, 9943 NaN
macd-vxi	MACD VXI	Momentum	false	BEKERJA	BBCA=BEKERJA ARCI=BEKERJA	BBCA: 7577 titik, 2299 NaN
ma-colored	Moving Average Colored	Moving Averages	true	BEKERJA	BBCA=BEKERJA ARCI=BEKERJA	BBCA: 4922 titik, 16 NaN
ma-deviation-rate	Moving Average Deviation Rate	Moving Averages	false	BEKERJA	BBCA=BEKERJA ARCI=BEKERJA	BBCA: 9666 titik, 210 NaN
market-cipher-a	Market Cipher A	Oscillators	false	BEKERJA	BBCA=BEKERJA ARCI=BEKERJA	BBCA: 19596 titik, 156 NaN
market-cipher-b	Market Cipher B	Oscillators	false	BEKERJA	BBCA=BEKERJA ARCI=BEKERJA	BBCA: 10771 titik, 4043 NaN
market-shift-levels	Market Shift Levels	Trend	true	BEKERJA	BBCA=BEKERJA ARCI=BEKERJA	BBCA: 2282 titik, 187 NaN
ma-shaded-fill	MA Shaded Fill Crossover	Moving Averages	true	BEKERJA	BBCA=BEKERJA ARCI=BEKERJA	BBCA: 4896 titik, 42 NaN
ma-shift	Moving Average Shift	Moving Averages	true	BEKERJA	BBCA=BEKERJA ARCI=BEKERJA	BBCA: 14668 titik, 146 NaN
matrix-series	Matrix Series	Oscillators	false	BEKERJA	BBCA=BEKERJA ARCI=BEKERJA	BBCA: 5049 titik, 4827 NaN
mfi-rsi-bb	MFI/RSI Bollinger Bands	Oscillators	false	BEKERJA	BBCA=BEKERJA ARCI=BEKERJA	BBCA: 9757 titik, 119 NaN
modified-heikin-ashi	Modified Heikin-Ashi	Candlestick Patterns	true	BEKERJA	BBCA=BEKERJA ARCI=BEKERJA	BBCA: 2463 titik, 6 NaN
multiple-ma	Multiple Moving Averages	Moving Averages	true	BEKERJA	BBCA=BEKERJA ARCI=BEKERJA	BBCA: 14284 titik, 530 NaN
murreys-math-osc	MurreysOscillator	Oscillators	false	BEKERJA	BBCA=BEKERJA ARCI=BEKERJA	BBCA: 12245 titik, 100 NaN
normalized-qqe	Normalized QQE	Oscillators	false	BEKERJA	BBCA=BEKERJA ARCI=BEKERJA	BBCA: 4900 titik, 38 NaN
parallel-pivot-lines	Parallel Pivot Lines	Channels & Bands	true	BEKERJA	BBCA=BEKERJA ARCI=BEKERJA	BBCA: 13226 titik, 1588 NaN
philakone-ema-swing	Philakone 55 EMA Swing Trading	Moving Averages	true	BEKERJA	BBCA=BEKERJA ARCI=BEKERJA	BBCA: 9656 titik, 220 NaN
pivot-point-supertrend	Pivot Point SuperTrend	Trend	true	BEKERJA	BBCA=BEKERJA ARCI=BEKERJA	BBCA: 7369 titik, 2507 NaN
ppo-alerts	PPO Alerts	Momentum	false	BEKERJA	BBCA=BEKERJA ARCI=BEKERJA	BBCA: 2951 titik, 9394 NaN
ppo-divergence	PPO Divergence	Momentum	false	BEKERJA	BBCA=BEKERJA ARCI=BEKERJA	BBCA: 2914 titik, 9431 NaN
price-action-system	Price Action Trading System	Oscillators	true	BEKERJA	BBCA=BEKERJA ARCI=BEKERJA	BBCA: 12264 titik, 81 NaN
qqe	Quantitative Qualitative Estimation	Oscillators	false	BEKERJA	BBCA=BEKERJA ARCI=BEKERJA	BBCA: 4860 titik, 78 NaN
qqe-signals	QQE Signals	Oscillators	false	BUTUH_MASUKAN_LAIN	BBCA=BUTUH_MASUKAN_LAIN ARCI=BUTUH_MASUKAN_LAIN	BBCA: tanpa plotConfig — keluarannya penanda/label, bukan deret angka
rci-3lines	RCI 3 Lines	Oscillators	false	BEKERJA	BBCA=BEKERJA ARCI=BEKERJA	BBCA: 7323 titik, 84 NaN
redk-rss-wma	RedK RSS_WMA	Moving Averages	true	BEKERJA	BBCA=BEKERJA ARCI=BEKERJA	BBCA: 2454 titik, 15 NaN
reversal-candle-setup	Reversal Candle Setup	Candlestick Patterns	true	RUSAK	BBCA=RUSAK ARCI=RUSAK	BBCA: 2469 nilai NaN/Infinity, nol berhingga
rsi-bands	RSI Bands	Channels & Bands	true	BEKERJA	BBCA=BEKERJA ARCI=BEKERJA	BBCA: 7326 titik, 81 NaN
rsi-bb-dispersion	RSI + BB + Dispersion	Oscillators	false	BEKERJA	BBCA=BEKERJA ARCI=BEKERJA	BBCA: 19500 titik, 252 NaN
rsi-divergence	RSI Divergence	Oscillators	false	BEKERJA	BBCA=BEKERJA ARCI=BEKERJA	BBCA: 2455 titik, 14 NaN
rsi-histoalert	RSI HistoAlert	Oscillators	false	BEKERJA	BBCA=BEKERJA ARCI=BEKERJA	BBCA: 4910 titik, 28 NaN
rsi-snabbel	RSI Snabbel	Oscillators	false	BEKERJA	BBCA=BEKERJA ARCI=BEKERJA	BBCA: 4910 titik, 28 NaN
rsi-swing-signal	RSI Swing Signal	Oscillators	false	BEKERJA	BBCA=BEKERJA ARCI=BEKERJA	BBCA: 2455 titik, 14 NaN
rs-support-resistance	[RS] Support and Resistance V0	Channels & Bands	true	BEKERJA	BBCA=BEKERJA ARCI=BEKERJA	BBCA: 14596 titik, 5156 NaN
sar-ema-macd	SAR + EMA + MACD Signals	Oscillators	true	BEKERJA	BBCA=BEKERJA ARCI=BEKERJA	BBCA: 4737 titik, 201 NaN
scalping-line	Scalping Line	Oscillators	true	BEKERJA	BBCA=MATI ARCI=BEKERJA	ARCI: 2274 titik, 202 NaN
sell-buy-rates	Sell & Buy Rates	Volume	false	BEKERJA	BBCA=BEKERJA ARCI=BEKERJA	BBCA: 2435 titik, 34 NaN
signal-ma	Signal Moving Average	Moving Averages	true	BEKERJA	BBCA=BEKERJA ARCI=BEKERJA	BBCA: 4880 titik, 58 NaN
simple-moving-averages	Simple Moving Averages	Moving Averages	true	BEKERJA	BBCA=BEKERJA ARCI=BEKERJA	BBCA: 22120 titik, 2570 NaN
slow-heiken-ashi	Slow Heiken Ashi	Candlestick Patterns	true	BUTUH_MASUKAN_LAIN	BBCA=BUTUH_MASUKAN_LAIN ARCI=BUTUH_MASUKAN_LAIN	BBCA: tanpa plotConfig — keluarannya penanda/label, bukan deret angka
smi-ucs	Stochastic Momentum Index UCS	Oscillators	false	BEKERJA	BBCA=BEKERJA ARCI=BEKERJA	BBCA: 4862 titik, 76 NaN
squeeze-momentum-v2	Squeeze Momentum V2	Oscillators	false	BEKERJA	BBCA=BEKERJA ARCI=BEKERJA	BBCA: 7307 titik, 100 NaN
sr-levels-breaks	Support and Resistance Levels with Breaks	Channels & Bands	true	BEKERJA	BBCA=BEKERJA ARCI=BEKERJA	BBCA: 3992 titik, 946 NaN
st0p	ST0P	Oscillators	true	BEKERJA	BBCA=BEKERJA ARCI=BEKERJA	BBCA: 2455 titik, 2483 NaN
stochastic-ott	Stochastic OTT	Oscillators	false	BEKERJA	BBCA=BEKERJA ARCI=BEKERJA	BBCA: 3536 titik, 3871 NaN
stoch-pop-1	CM Stochastic POP Method 1	Oscillators	false	BEKERJA	BBCA=BEKERJA ARCI=BEKERJA	BBCA: 12326 titik, 19 NaN
stoch-pop-2	CM Stochastic POP Method 2	Oscillators	false	BEKERJA	BBCA=BEKERJA ARCI=BEKERJA	BBCA: 12326 titik, 19 NaN
stoch-vx3	Stoch VX3	Oscillators	false	BEKERJA	BBCA=BEKERJA ARCI=BEKERJA	BBCA: 4892 titik, 46 NaN
super-smoothed-macd	Super Smoothed MACD	Momentum	false	BEKERJA	BBCA=BEKERJA ARCI=BEKERJA	BBCA: 7302 titik, 105 NaN
super-supertrend	Super SuperTrend	Trend	true	BEKERJA	BBCA=BEKERJA ARCI=BEKERJA	BBCA: 7377 titik, 30 NaN
supertrend-channels	SuperTrend Channels	Channels & Bands	true	BEKERJA	BBCA=BEKERJA ARCI=BEKERJA	BBCA: 9776 titik, 100 NaN
swing-trade-signals	Swing Trade Signals	Oscillators	true	BEKERJA	BBCA=BEKERJA ARCI=BEKERJA	BBCA: 2419 titik, 50 NaN
tdi-hlc-trix	Traders Dynamic Index	Oscillators	false	BEKERJA	BBCA=BEKERJA ARCI=BEKERJA	BBCA: 12172 titik, 173 NaN
td-macd	Tom DeMark MACD	Momentum	false	BEKERJA	BBCA=BEKERJA ARCI=BEKERJA	BBCA: 7318 titik, 89 NaN
three-moving-averages	Three Moving Averages	Moving Averages	true	BEKERJA	BBCA=BEKERJA ARCI=BEKERJA	BBCA: 7322 titik, 85 NaN
tonyux-ema-scalper	TonyUX EMA Scalper	Oscillators	true	BEKERJA	BBCA=BEKERJA ARCI=BEKERJA	BBCA: 7371 titik, 36 NaN
top-bottom-candle	Top & Bottom Candle	Candlestick Patterns	false	BEKERJA	BBCA=BEKERJA ARCI=BEKERJA	BBCA: 7374 titik, 33 NaN
tops-bottoms	Tops/Bottoms	Oscillators	true	MATI	BBCA=MATI ARCI=MATI	BBCA: overlay, 4938 nilainya seluruhnya di luar pita harga 2790-10950 — digambar di luar layar
trama	Trend Regularity Adaptive MA	Moving Averages	true	BEKERJA	BBCA=BEKERJA ARCI=BEKERJA	BBCA: 2455 titik, 14 NaN
transient-zones	Transient Zones v1.1	Channels & Bands	true	BEKERJA	BBCA=BEKERJA ARCI=BEKERJA	BBCA: 12313 titik, 32 NaN
trend-following-ma	Trend Following Moving Averages	Moving Averages	true	BEKERJA	BBCA=BEKERJA ARCI=BEKERJA	BBCA: 42623 titik, 6757 NaN
trend-trader	Trend Trader Strategy	Trend	true	BEKERJA	BBCA=BEKERJA ARCI=BEKERJA	BBCA: 4838 titik, 100 NaN
triangular-momentum-osc	Triangular Momentum Oscillator	Oscillators	false	BEKERJA	BBCA=BEKERJA ARCI=BEKERJA	BBCA: 2450 titik, 19 NaN
triple-ma-forecast	Triple MA Forecast	Moving Averages	true	BEKERJA	BBCA=BEKERJA ARCI=BEKERJA	BBCA: 7332 titik, 22296 NaN
ttm-squeeze-pro	TTM Squeeze Pro	Oscillators	false	BEKERJA	BBCA=BEKERJA ARCI=BEKERJA	BBCA: 4880 titik, 58 NaN
vdub-sniper	Vdub FX Sniper	Oscillators	true	BEKERJA	BBCA=BEKERJA ARCI=BEKERJA	BBCA: 17104 titik, 5117 NaN
vdubus-binarypro	vdubus BinaryPro	Oscillators	true	BEKERJA	BBCA=BEKERJA ARCI=BEKERJA	BBCA: 12215 titik, 130 NaN
volume-colored-bars	Volume Colored Bars	Volume	false	BEKERJA	BBCA=BEKERJA ARCI=BEKERJA	BBCA: 2469 titik
volume-flow-v3	Volume Flow v3	Volume	false	BEKERJA	BBCA=BEKERJA ARCI=BEKERJA	BBCA: 12617 titik, 4666 NaN
volume-linreg-trend	Volume LinReg Trend	Volume	true	BEKERJA	BBCA=MATI ARCI=BEKERJA	ARCI: 2406 titik, 70 NaN
vwmacd-szo	VWMACD & SZO	Momentum	false	BEKERJA	BBCA=BEKERJA ARCI=BEKERJA	BBCA: 9758 titik, 118 NaN
vw-macd-v2	Volume Weighted MACD V2	Momentum	false	BEKERJA	BBCA=BEKERJA ARCI=BEKERJA	BBCA: 7315 titik, 92 NaN
weis-wave-volume	Weis Wave Volume	Volume	false	BEKERJA	BBCA=BEKERJA ARCI=BEKERJA	BBCA: 2467 titik, 2 NaN
wicked-fractals	WICK.ED Fractals	Oscillators	true	RUSAK	BBCA=RUSAK ARCI=RUSAK	BBCA: 2469 nilai NaN/Infinity, nol berhingga
williams-combo	Williams Alligator + Fractals	Trend	true	BEKERJA	BBCA=BEKERJA ARCI=BEKERJA	BBCA: 11662 titik, 683 NaN
zero-lag-ema	Zero Lag EMA	Moving Averages	true	BEKERJA	BBCA=BEKERJA ARCI=BEKERJA	BBCA: 7140 titik, 267 NaN
bjorgum-triple-ema	Fast Length	Moving Averages	true	BEKERJA	BBCA=BEKERJA ARCI=BEKERJA	BBCA: 9792 titik, 84 NaN
bollinger-awesome-alert	Bollinger Awesome Alert R1.1	Trend	true	BEKERJA	BBCA=BEKERJA ARCI=BEKERJA	BBCA: 14641 titik, 173 NaN
cci-stochastic	CCI Length	Momentum	false	BEKERJA	BBCA=BEKERJA ARCI=BEKERJA	BBCA: 14746 titik, 68 NaN
double-macd	MACD1 Fast	Momentum	false	BEKERJA	BBCA=BEKERJA ARCI=BEKERJA	BBCA: 10330 titik, 4484 NaN
gaussian-channel	Length	Channels & Bands	true	BEKERJA	BBCA=BEKERJA ARCI=BEKERJA	BBCA: 7347 titik, 60 NaN
ichimoku-oscillator	Conversion Periods	Momentum	false	BEKERJA	BBCA=BEKERJA ARCI=BEKERJA	BBCA: 12022 titik, 323 NaN
ideal-bb-ma	BB Length	Moving Averages	true	BEKERJA	BBCA=BEKERJA ARCI=BEKERJA	BBCA: 16853 titik, 430 NaN
lucid-sar	Start	Trend	true	BEKERJA	BBCA=BEKERJA ARCI=BEKERJA	BBCA: 2468 titik, 2470 NaN
madrid-ma-ribbon	MA Type	Moving Averages	true	BEKERJA	BBCA=BEKERJA ARCI=BEKERJA	BBCA: 47380 titik, 2000 NaN
most-rsi	RSI Length	Momentum	false	BEKERJA	BBCA=BEKERJA ARCI=BEKERJA	BBCA: 14970 titik, 14658 NaN
nrtr	ATR Period	Trend	true	BEKERJA	BBCA=BEKERJA ARCI=BEKERJA	BBCA: 2455 titik, 2483 NaN
ott-bands	Source	Channels & Bands	true	BEKERJA	BBCA=BEKERJA ARCI=BEKERJA	BBCA: 12280 titik, 7472 NaN
otto	Source	Oscillators	false	BEKERJA	BBCA=BEKERJA ARCI=BEKERJA	BBCA: 4914 titik, 24 NaN
parabolic-rsi	RSI Length	Momentum	false	BEKERJA	BBCA=BEKERJA ARCI=BEKERJA	BBCA: 2455 titik, 2483 NaN
pivot-hh-hl-lh-ll	Left Bars	Trend	true	BEKERJA	BBCA=BEKERJA ARCI=BEKERJA	BBCA: 2446 titik, 4961 NaN
pmax-rsi-t3	RSI Length	Momentum	false	BEKERJA	BBCA=BEKERJA ARCI=BEKERJA	BBCA: 12155 titik, 190 NaN
profit-maximizer	ATR Period	Moving Averages	true	BEKERJA	BBCA=BEKERJA ARCI=BEKERJA	BBCA: 4918 titik, 20 NaN
range-filter-dw	Source	Trend	true	BEKERJA	BBCA=BEKERJA ARCI=BEKERJA	BBCA: 7257 titik, 150 NaN
redk-vader	Length	Oscillators	false	BEKERJA	BBCA=BEKERJA ARCI=BEKERJA	BBCA: 7353 titik, 2523 NaN
rmi-trend-sniper	RMI Length	Momentum	false	BEKERJA	BBCA=BEKERJA ARCI=BEKERJA	BBCA: 14520 titik, 294 NaN
rsi-cyclic-smoothed	RSI Length	Momentum	false	BEKERJA	BBCA=BEKERJA ARCI=BEKERJA	BBCA: 7350 titik, 57 NaN
supertrend-ladder	ATR Period	Trend	true	BEKERJA	BBCA=BEKERJA ARCI=BEKERJA	BBCA: 7377 titik, 30 NaN
t3-psar	T3 Length	Moving Averages	true	BEKERJA	BBCA=BEKERJA ARCI=BEKERJA	BBCA: 7318 titik, 2558 NaN
zlma-trend-levels	Length	Moving Averages	true	BEKERJA	BBCA=BEKERJA ARCI=BEKERJA	BBCA: 4878 titik, 60 NaN
ai-trend-navigator	AI Trend Navigator [K-Neighbor]	Trend	true	BEKERJA	BBCA=BEKERJA ARCI=BEKERJA	BBCA: 4828 titik, 110 NaN
ml-adaptive-supertrend	ML Adaptive SuperTrend	Trend	true	BEKERJA	BBCA=BEKERJA ARCI=BEKERJA	BBCA: 4510 titik, 428 NaN
ml-knn-strategy	ML: kNN Strategy	Momentum	false	BEKERJA	BBCA=BEKERJA ARCI=BEKERJA	BBCA: 2449 titik, 20 NaN
ml-momentum-index	ML Momentum Index	Momentum	false	BEKERJA	BBCA=BEKERJA ARCI=BEKERJA	BBCA: 17126 titik, 157 NaN
ml-moving-average	ML Moving Average	Moving Averages	true	BEKERJA	BBCA=BEKERJA ARCI=BEKERJA	BBCA: 7260 titik, 147 NaN
ml-rsi	ML RSI	Momentum	false	BEKERJA	BBCA=BEKERJA ARCI=BEKERJA	BBCA: 9794 titik, 82 NaN
supertrend-ai-clustering	SuperTrend AI Clustering	Trend	true	BEKERJA	BBCA=BEKERJA ARCI=BEKERJA	BBCA: 4618 titik, 320 NaN
volume-supertrend-ai	Volume SuperTrend AI	Trend	true	BEKERJA	BBCA=BEKERJA ARCI=BEKERJA	BBCA: 9836 titik, 2509 NaN
trader-xo	Trader XO Macro Trend Scanner	Oscillators	true	BEKERJA	BBCA=BEKERJA ARCI=BEKERJA	BBCA: 4888 titik, 2519 NaN
banker-fund-flow	Banker Fund Flow Trend Oscillator	Oscillators	false	BEKERJA	BBCA=BEKERJA ARCI=BEKERJA	BBCA: 4844 titik, 94 NaN
adaptive-macd	Adaptive MACD	Momentum	false	BEKERJA	BBCA=BEKERJA ARCI=BEKERJA	BBCA: 7347 titik, 60 NaN
radius-trend	Radius Trend [ChartPrime]	Trend	true	BEKERJA	BBCA=BEKERJA ARCI=BEKERJA	BBCA: 5859 titik, 1548 NaN
ultimate-rsi	Ultimate RSI [LuxAlgo]	Momentum	false	BEKERJA	BBCA=BEKERJA ARCI=BEKERJA	BBCA: 12261 titik, 84 NaN
adaptive-trend-flow	Adaptive Trend Flow [QuantAlgo]	Trend	true	BEKERJA	BBCA=BEKERJA ARCI=BEKERJA	BBCA: 4870 titik, 68 NaN
adaptive-hull-ma	72s: Adaptive Hull Moving Average+	Moving Averages	true	BEKERJA	BBCA=BEKERJA ARCI=BEKERJA	BBCA: 4459 titik, 15293 NaN
weighted-ma-function	Beta-Weighted Moving Average	Moving Averages	true	BEKERJA	BBCA=BEKERJA ARCI=BEKERJA	BBCA: 2419 titik, 50 NaN
supertrend-cci	BEST Supertrend CCI	Trend	true	BEKERJA	BBCA=BEKERJA ARCI=BEKERJA	BBCA: 2441 titik, 28 NaN
consolidation-zones	Consolidation Zones - Live	Channels & Bands	true	BEKERJA	BBCA=BEKERJA ARCI=BEKERJA	BBCA: 1700 titik, 3238 NaN
divergence-indicator	Divergence Indicator	Momentum	false	BUTUH_MASUKAN_LAIN	BBCA=BUTUH_MASUKAN_LAIN ARCI=BUTUH_MASUKAN_LAIN	BBCA: tanpa plotConfig — keluarannya penanda/label, bukan deret angka
false-breakout	False Breakout (Expo)	Channels & Bands	true	BUTUH_MASUKAN_LAIN	BBCA=BUTUH_MASUKAN_LAIN ARCI=BUTUH_MASUKAN_LAIN	BBCA: tanpa plotConfig — keluarannya penanda/label, bukan deret angka
ma-converging	Moving Average Converging	Moving Averages	true	BEKERJA	BBCA=BEKERJA ARCI=BEKERJA	BBCA: 4738 titik, 200 NaN
pivot-trailing-maxmin	Pivot Based Trailing Maxima & Minima	Channels & Bands	true	BEKERJA	BBCA=BEKERJA ARCI=BEKERJA	BBCA: 7209 titik, 198 NaN
redk-tpx	RedK Trader Pressure Index	Momentum	false	BEKERJA	BBCA=BEKERJA ARCI=BEKERJA	BBCA: 7377 titik, 4968 NaN
auto-fibo-indicators	Auto Fibo on Indicators	Oscillators	false	BEKERJA	BBCA=BEKERJA ARCI=BEKERJA	BBCA: 18730 titik, 10898 NaN
heatmap-volume	Heatmap Volume	Volume	false	BEKERJA	BBCA=BEKERJA ARCI=BEKERJA	BBCA: 3718 titik, 11096 NaN
better-volume	Better Volume Indicator	Volume	false	BEKERJA	BBCA=BEKERJA ARCI=BEKERJA	BBCA: 4922 titik, 16 NaN
volume-divergence	Volume Divergence	Volume	false	BEKERJA	BBCA=BEKERJA ARCI=BEKERJA	BBCA: 2393 titik, 76 NaN
predictive-channels	Predictive Channels	Channels & Bands	true	RUSAK	BBCA=RUSAK ARCI=RUSAK	BBCA: 12345 nilai NaN/Infinity, nol berhingga
volume-bar-breakout	Volume Bar Breakout	Volume	true	BEKERJA	BBCA=BEKERJA ARCI=BEKERJA	BBCA: 4788 titik, 150 NaN
redk-momentum-bars	RedK Momentum Bars	Momentum	false	BUTUH_MASUKAN_LAIN	BBCA=BUTUH_MASUKAN_LAIN ARCI=BUTUH_MASUKAN_LAIN	BBCA: tanpa plotConfig — keluarannya penanda/label, bukan deret angka
vumanchu-swing	VuManChu Swing Free	Trend	true	BEKERJA	BBCA=BEKERJA ARCI=BEKERJA	BBCA: 7253 titik, 154 NaN
tweezers-kangaroo-tail	Tweezers & Kangaroo Tail	Candlestick Patterns	true	RUSAK	BBCA=RUSAK ARCI=RUSAK	BBCA: 2469 nilai NaN/Infinity, nol berhingga
bitcoin-log-curves	Bitcoin Log Growth Curves	Trend	true	BEKERJA	BBCA=BEKERJA ARCI=MATI	BBCA: 27159 titik
hema-trend-levels	HEMA Trend Levels	Trend	true	BEKERJA	BBCA=BEKERJA ARCI=BEKERJA	BBCA: 4854 titik, 84 NaN
rsi-momentum-divergence	RSI Momentum Divergence	Oscillators	false	BEKERJA	BBCA=BEKERJA ARCI=BEKERJA	BBCA: 4914 titik, 24 NaN
fvg-positioning-average	FVG Positioning Average	Trend	true	BEKERJA	BBCA=BEKERJA ARCI=BEKERJA	BBCA: 3914 titik, 1024 NaN
momentum-zigzag	Momentum-based ZigZag	Trend	true	BEKERJA	BBCA=BEKERJA ARCI=BEKERJA	BBCA: 2447 titik, 22 NaN
range-detector	Range Detector	Trend	true	BEKERJA	BBCA=BEKERJA ARCI=BEKERJA	BBCA: 3600 titik, 1338 NaN
swing-highs-lows-patterns	Swing Highs/Lows & Candle Patterns	Candlestick Patterns	true	RUSAK	BBCA=RUSAK ARCI=RUSAK	BBCA: 2469 nilai NaN/Infinity, nol berhingga
trend-line-auto	Trend Line Auto	Trend	true	RUSAK	BBCA=RUSAK ARCI=RUSAK	BBCA: 2469 nilai NaN/Infinity, nol berhingga
intraday-volume-swings	Intraday Volume Swings	Volume	true	BEKERJA	BBCA=BEKERJA ARCI=BEKERJA	BBCA: 170 titik, 19582 NaN
realtime-volume-bars	Realtime Volume Bars	Volume	false	BEKERJA	BBCA=BEKERJA ARCI=BEKERJA	BBCA: 7407 titik, 2469 NaN
volumatic-sr-levels	Volumatic S/R Levels	Trend	true	BEKERJA	BBCA=BEKERJA ARCI=BEKERJA	BBCA: 13925 titik, 889 NaN
vwap-mvwap-ema-crossover	VWAP/MVWAP/EMA Crossover	Trend	true	BEKERJA	BBCA=BEKERJA ARCI=BEKERJA	BBCA: 14657 titik, 157 NaN
volume-footprint	Volume Footprint	Volume	true	RUSAK	BBCA=RUSAK ARCI=RUSAK	BBCA: 2469 nilai NaN/Infinity, nol berhingga
hyper-trend	HyperTrend [LuxAlgo]	Trend	true	BEKERJA	BBCA=BEKERJA ARCI=BEKERJA	BBCA: 6779 titik, 628 NaN
trendlines-with-breaks	Trendlines with Breaks [LuxAlgo]	Trend	true	BEKERJA	BBCA=BEKERJA ARCI=BEKERJA	BBCA: 4715 titik, 223 NaN
trend-impulse-channels	Trend Impulse Channels	Trend	true	BEKERJA	BBCA=BEKERJA ARCI=BEKERJA	BBCA: 6807 titik, 600 NaN
liquidity-grabs	Liquidity Grabs	Trend	true	BEKERJA	BBCA=BEKERJA ARCI=BEKERJA	BBCA: 10 titik, 14804 NaN
rsi-tops-bottoms	RSI Tops and Bottoms	Momentum	false	BEKERJA	BBCA=BEKERJA ARCI=BEKERJA	BBCA: 7393 titik, 14 NaN
hull-butterfly-oscillator	Hull Butterfly Oscillator	Momentum	false	BEKERJA	BBCA=BEKERJA ARCI=BEKERJA	BBCA: 14736 titik, 78 NaN
gmma-oscillator	GMMA Oscillator	Trend	false	BEKERJA	BBCA=BEKERJA ARCI=BEKERJA	BBCA: 7205 titik, 202 NaN
bjorgum-tsi	Bjorgum TSI	Momentum	false	BEKERJA	BBCA=BEKERJA ARCI=BEKERJA	BBCA: 7293 titik, 2583 NaN
adx-di-gu5	ADX Di+ Di- [Gu5]	Trend	false	BEKERJA	BBCA=BEKERJA ARCI=BEKERJA	BBCA: 7352 titik, 55 NaN
market-structure-trailing-stop	Market Structure Trailing Stop	Trend	true	BEKERJA	BBCA=BEKERJA ARCI=BEKERJA	BBCA: 4768 titik, 170 NaN
dynamic-structure-indicator	Dynamic Structure Indicator	Trend	true	BEKERJA	BBCA=BEKERJA ARCI=BEKERJA	BBCA: 10606 titik, 9146 NaN
standardized-macd-ha	Standardized MACD HA	Momentum	false	BEKERJA	BBCA=BEKERJA ARCI=BEKERJA	BBCA: 4872 titik, 66 NaN
hott-lott	HOTT LOTT	Trend	true	RUSAK	BBCA=RUSAK ARCI=RUSAK	BBCA: 4938 nilai NaN/Infinity, nol berhingga
stochastic-heat-map	Stochastic Heat Map	Momentum	false	BEKERJA	BBCA=BEKERJA ARCI=BEKERJA	BBCA: 6567 titik, 840 NaN
tdi-rsi	TDI - Traders Dynamic Index	Momentum	false	BEKERJA	BBCA=BEKERJA ARCI=BEKERJA	BBCA: 12166 titik, 179 NaN
heikin-ashi-rsi-oscillator	Heikin Ashi RSI Oscillator	Momentum	false	BEKERJA	BBCA=BEKERJA ARCI=BEKERJA	BBCA: 14786 titik, 28 NaN
ma-strategy-emperor	MA Strategy Emperor	Trend	true	BEKERJA	BBCA=BEKERJA ARCI=BEKERJA	BBCA: 7368 titik, 4977 NaN
multiple-divergences	Multiple Divergences	Momentum	true	RUSAK	BBCA=RUSAK ARCI=RUSAK	BBCA: 2469 nilai NaN/Infinity, nol berhingga
price-divergence-detector	Price Divergence Detector	Momentum	true	BEKERJA	BBCA=BEKERJA ARCI=BEKERJA	BBCA: 646 titik, 4292 NaN
qqe-cross	QQE Cross	Trend	true	BEKERJA	BBCA=BEKERJA ARCI=BEKERJA	BBCA: 7339 titik, 68 NaN
wavetrend-oscillator	WaveTrend Oscillator	Momentum	false	BEKERJA	BBCA=BEKERJA ARCI=BEKERJA	BBCA: 14721 titik, 93 NaN
open-close-cross	Open Close Cross	Momentum	false	BEKERJA	BBCA=BEKERJA ARCI=BEKERJA	BBCA: 7311 titik, 96 NaN
super-guppy	Super Guppy	Trend	true	BEKERJA	BBCA=BEKERJA ARCI=BEKERJA	BBCA: 14394 titik, 420 NaN
bjorgum-autotrail	Bjorgum AutoTrail	Trend	true	BEKERJA	BBCA=BEKERJA ARCI=BEKERJA	BBCA: 2455 titik, 14 NaN
delta-rsi-oscillator	Delta-RSI Oscillator	Momentum	false	BEKERJA	BBCA=BEKERJA ARCI=BEKERJA	BBCA: 7323 titik, 84 NaN
macd-reloaded	MACD ReLoaded	Momentum	false	BEKERJA	BBCA=BEKERJA ARCI=BEKERJA	BBCA: 7329 titik, 78 NaN
renko-chart	Renko Chart	Trend	true	BEKERJA	BBCA=BEKERJA ARCI=BEKERJA	BBCA: 9820 titik, 56 NaN
redk-everex	RedK EVEREX	Momentum	false	BEKERJA	BBCA=BEKERJA ARCI=BEKERJA	BBCA: 9777 titik, 99 NaN
boom-hunter-pro	Boom Hunter Pro	Momentum	false	BEKERJA	BBCA=BEKERJA ARCI=BEKERJA	BBCA: 12320 titik, 25 NaN
big-snapper-alerts	Big Snapper Alerts R3.0	Trend	true	BEKERJA	BBCA=BEKERJA ARCI=BEKERJA	BBCA: 9500 titik, 2845 NaN
rsi-supply-demand	RSI Supply/Demand	Trend	true	BEKERJA	BBCA=BEKERJA ARCI=BEKERJA	BBCA: 4628 titik, 10186 NaN
ultimate-buy-sell	Ultimate Buy & Sell	Trend	true	BEKERJA	BBCA=BEKERJA ARCI=BEKERJA	BBCA: 12160 titik, 185 NaN
macd-support-resistance	MACD Support and Resistance [ChartPrime]	Momentum	false	BEKERJA	BBCA=BEKERJA ARCI=BEKERJA	BBCA: 4330 titik, 3077 NaN
liquidity-levels	Liquidity Levels [LuxAlgo]	Trend	true	BUTUH_MASUKAN_LAIN	BBCA=BUTUH_MASUKAN_LAIN ARCI=BUTUH_MASUKAN_LAIN	BBCA: tanpa plotConfig — keluarannya penanda/label, bukan deret angka
zigzag-fibonacci	ZigZag with Fibonacci Levels	Trend	true	BUTUH_MASUKAN_LAIN	BBCA=BUTUH_MASUKAN_LAIN ARCI=BUTUH_MASUKAN_LAIN	BBCA: tanpa plotConfig — keluarannya penanda/label, bukan deret angka
trend-lines-v2	Trend Lines v2	Trend	true	BUTUH_MASUKAN_LAIN	BBCA=BUTUH_MASUKAN_LAIN ARCI=BUTUH_MASUKAN_LAIN	BBCA: tanpa plotConfig — keluarannya penanda/label, bukan deret angka
order-blocks-signals	Order Blocks with Signals	Trend	true	BUTUH_MASUKAN_LAIN	BBCA=BUTUH_MASUKAN_LAIN ARCI=BUTUH_MASUKAN_LAIN	BBCA: tanpa plotConfig — keluarannya penanda/label, bukan deret angka
support-resistance-channels	Support Resistance Channels	Trend	true	BUTUH_MASUKAN_LAIN	BBCA=BUTUH_MASUKAN_LAIN ARCI=BUTUH_MASUKAN_LAIN	BBCA: tanpa plotConfig — keluarannya penanda/label, bukan deret angka
auto-trendline	Auto Trendline [DojiEmoji]	Trend	true	BUTUH_MASUKAN_LAIN	BBCA=BUTUH_MASUKAN_LAIN ARCI=BUTUH_MASUKAN_LAIN	BBCA: tanpa plotConfig — keluarannya penanda/label, bukan deret angka
liquidity-sweeps	Liquidity Sweeps [LuxAlgo]	Trend	true	BUTUH_MASUKAN_LAIN	BBCA=BUTUH_MASUKAN_LAIN ARCI=BUTUH_MASUKAN_LAIN	BBCA: tanpa plotConfig — keluarannya penanda/label, bukan deret angka
price-volume-profile	Price & Volume Profile (Expo)	Volume	true	BUTUH_MASUKAN_LAIN	BBCA=BUTUH_MASUKAN_LAIN ARCI=BUTUH_MASUKAN_LAIN	BBCA: tanpa plotConfig — keluarannya penanda/label, bukan deret angka
ideal-entry-point	Ideal Entry Point	Trend	true	BUTUH_MASUKAN_LAIN	BBCA=BUTUH_MASUKAN_LAIN ARCI=BUTUH_MASUKAN_LAIN	BBCA: tanpa plotConfig — keluarannya penanda/label, bukan deret angka
abandoned-baby-bearish	Abandoned Baby - Bearish	Candlestick Patterns	true	BUTUH_MASUKAN_LAIN	BBCA=BUTUH_MASUKAN_LAIN ARCI=BUTUH_MASUKAN_LAIN	BBCA: tanpa plotConfig — keluarannya penanda/label, bukan deret angka
abandoned-baby-bullish	Abandoned Baby - Bullish	Candlestick Patterns	true	BUTUH_MASUKAN_LAIN	BBCA=BUTUH_MASUKAN_LAIN ARCI=BUTUH_MASUKAN_LAIN	BBCA: tanpa plotConfig — keluarannya penanda/label, bukan deret angka
dark-cloud-cover	Dark Cloud Cover - Bearish	Candlestick Patterns	true	BUTUH_MASUKAN_LAIN	BBCA=BUTUH_MASUKAN_LAIN ARCI=BUTUH_MASUKAN_LAIN	BBCA: tanpa plotConfig — keluarannya penanda/label, bukan deret angka
doji	Doji	Candlestick Patterns	true	BUTUH_MASUKAN_LAIN	BBCA=BUTUH_MASUKAN_LAIN ARCI=BUTUH_MASUKAN_LAIN	BBCA: tanpa plotConfig — keluarannya penanda/label, bukan deret angka
doji-star-bearish	Doji Star - Bearish	Candlestick Patterns	true	BUTUH_MASUKAN_LAIN	BBCA=BUTUH_MASUKAN_LAIN ARCI=BUTUH_MASUKAN_LAIN	BBCA: tanpa plotConfig — keluarannya penanda/label, bukan deret angka
doji-star-bullish	Doji Star - Bullish	Candlestick Patterns	true	BUTUH_MASUKAN_LAIN	BBCA=BUTUH_MASUKAN_LAIN ARCI=BUTUH_MASUKAN_LAIN	BBCA: tanpa plotConfig — keluarannya penanda/label, bukan deret angka
downside-tasuki-gap	Downside Tasuki Gap - Bearish	Candlestick Patterns	true	BUTUH_MASUKAN_LAIN	BBCA=BUTUH_MASUKAN_LAIN ARCI=BUTUH_MASUKAN_LAIN	BBCA: tanpa plotConfig — keluarannya penanda/label, bukan deret angka
dragonfly-doji	Dragonfly Doji - Bullish	Candlestick Patterns	true	BUTUH_MASUKAN_LAIN	BBCA=BUTUH_MASUKAN_LAIN ARCI=BUTUH_MASUKAN_LAIN	BBCA: tanpa plotConfig — keluarannya penanda/label, bukan deret angka
engulfing-bearish	Engulfing - Bearish	Candlestick Patterns	true	BUTUH_MASUKAN_LAIN	BBCA=BUTUH_MASUKAN_LAIN ARCI=BUTUH_MASUKAN_LAIN	BBCA: tanpa plotConfig — keluarannya penanda/label, bukan deret angka
engulfing-bullish	Engulfing - Bullish	Candlestick Patterns	true	BUTUH_MASUKAN_LAIN	BBCA=BUTUH_MASUKAN_LAIN ARCI=BUTUH_MASUKAN_LAIN	BBCA: tanpa plotConfig — keluarannya penanda/label, bukan deret angka
evening-doji-star	Evening Doji Star - Bearish	Candlestick Patterns	true	BUTUH_MASUKAN_LAIN	BBCA=BUTUH_MASUKAN_LAIN ARCI=BUTUH_MASUKAN_LAIN	BBCA: tanpa plotConfig — keluarannya penanda/label, bukan deret angka
evening-star	Evening Star - Bearish	Candlestick Patterns	true	BUTUH_MASUKAN_LAIN	BBCA=BUTUH_MASUKAN_LAIN ARCI=BUTUH_MASUKAN_LAIN	BBCA: tanpa plotConfig — keluarannya penanda/label, bukan deret angka
falling-three-methods	Falling Three Methods - Bearish	Candlestick Patterns	true	BUTUH_MASUKAN_LAIN	BBCA=BUTUH_MASUKAN_LAIN ARCI=BUTUH_MASUKAN_LAIN	BBCA: tanpa plotConfig — keluarannya penanda/label, bukan deret angka
falling-window	Falling Window - Bearish	Candlestick Patterns	true	BUTUH_MASUKAN_LAIN	BBCA=BUTUH_MASUKAN_LAIN ARCI=BUTUH_MASUKAN_LAIN	BBCA: tanpa plotConfig — keluarannya penanda/label, bukan deret angka
gravestone-doji	Gravestone Doji - Bearish	Candlestick Patterns	true	BUTUH_MASUKAN_LAIN	BBCA=BUTUH_MASUKAN_LAIN ARCI=BUTUH_MASUKAN_LAIN	BBCA: tanpa plotConfig — keluarannya penanda/label, bukan deret angka
hammer	Hammer - Bullish	Candlestick Patterns	true	BUTUH_MASUKAN_LAIN	BBCA=BUTUH_MASUKAN_LAIN ARCI=BUTUH_MASUKAN_LAIN	BBCA: tanpa plotConfig — keluarannya penanda/label, bukan deret angka
hanging-man	Hanging Man - Bearish	Candlestick Patterns	true	BUTUH_MASUKAN_LAIN	BBCA=BUTUH_MASUKAN_LAIN ARCI=BUTUH_MASUKAN_LAIN	BBCA: tanpa plotConfig — keluarannya penanda/label, bukan deret angka
harami-bearish	Harami - Bearish	Candlestick Patterns	true	BUTUH_MASUKAN_LAIN	BBCA=BUTUH_MASUKAN_LAIN ARCI=BUTUH_MASUKAN_LAIN	BBCA: tanpa plotConfig — keluarannya penanda/label, bukan deret angka
harami-bullish	Harami - Bullish	Candlestick Patterns	true	BUTUH_MASUKAN_LAIN	BBCA=BUTUH_MASUKAN_LAIN ARCI=BUTUH_MASUKAN_LAIN	BBCA: tanpa plotConfig — keluarannya penanda/label, bukan deret angka
harami-cross-bearish	Harami Cross - Bearish	Candlestick Patterns	true	BUTUH_MASUKAN_LAIN	BBCA=BUTUH_MASUKAN_LAIN ARCI=BUTUH_MASUKAN_LAIN	BBCA: tanpa plotConfig — keluarannya penanda/label, bukan deret angka
harami-cross-bullish	Harami Cross - Bullish	Candlestick Patterns	true	BUTUH_MASUKAN_LAIN	BBCA=BUTUH_MASUKAN_LAIN ARCI=BUTUH_MASUKAN_LAIN	BBCA: tanpa plotConfig — keluarannya penanda/label, bukan deret angka
inverted-hammer	Inverted Hammer - Bullish	Candlestick Patterns	true	BUTUH_MASUKAN_LAIN	BBCA=BUTUH_MASUKAN_LAIN ARCI=BUTUH_MASUKAN_LAIN	BBCA: tanpa plotConfig — keluarannya penanda/label, bukan deret angka
kicking-bearish	Kicking - Bearish	Candlestick Patterns	true	BUTUH_MASUKAN_LAIN	BBCA=BUTUH_MASUKAN_LAIN ARCI=BUTUH_MASUKAN_LAIN	BBCA: tanpa plotConfig — keluarannya penanda/label, bukan deret angka
kicking-bullish	Kicking - Bullish	Candlestick Patterns	true	BUTUH_MASUKAN_LAIN	BBCA=BUTUH_MASUKAN_LAIN ARCI=BUTUH_MASUKAN_LAIN	BBCA: tanpa plotConfig — keluarannya penanda/label, bukan deret angka
long-lower-shadow	Long Lower Shadow - Bullish	Candlestick Patterns	true	BUTUH_MASUKAN_LAIN	BBCA=BUTUH_MASUKAN_LAIN ARCI=BUTUH_MASUKAN_LAIN	BBCA: tanpa plotConfig — keluarannya penanda/label, bukan deret angka
long-upper-shadow	Long Upper Shadow - Bearish	Candlestick Patterns	true	BUTUH_MASUKAN_LAIN	BBCA=BUTUH_MASUKAN_LAIN ARCI=BUTUH_MASUKAN_LAIN	BBCA: tanpa plotConfig — keluarannya penanda/label, bukan deret angka
marubozu-black	Marubozu Black - Bearish	Candlestick Patterns	true	BUTUH_MASUKAN_LAIN	BBCA=BUTUH_MASUKAN_LAIN ARCI=BUTUH_MASUKAN_LAIN	BBCA: tanpa plotConfig — keluarannya penanda/label, bukan deret angka
marubozu-white	Marubozu White - Bullish	Candlestick Patterns	true	BUTUH_MASUKAN_LAIN	BBCA=BUTUH_MASUKAN_LAIN ARCI=BUTUH_MASUKAN_LAIN	BBCA: tanpa plotConfig — keluarannya penanda/label, bukan deret angka
morning-doji-star	Morning Doji Star - Bullish	Candlestick Patterns	true	BUTUH_MASUKAN_LAIN	BBCA=BUTUH_MASUKAN_LAIN ARCI=BUTUH_MASUKAN_LAIN	BBCA: tanpa plotConfig — keluarannya penanda/label, bukan deret angka
morning-star	Morning Star - Bullish	Candlestick Patterns	true	BUTUH_MASUKAN_LAIN	BBCA=BUTUH_MASUKAN_LAIN ARCI=BUTUH_MASUKAN_LAIN	BBCA: tanpa plotConfig — keluarannya penanda/label, bukan deret angka
on-neck	On Neck - Bearish	Candlestick Patterns	true	BUTUH_MASUKAN_LAIN	BBCA=BUTUH_MASUKAN_LAIN ARCI=BUTUH_MASUKAN_LAIN	BBCA: tanpa plotConfig — keluarannya penanda/label, bukan deret angka
piercing	Piercing - Bullish	Candlestick Patterns	true	BUTUH_MASUKAN_LAIN	BBCA=BUTUH_MASUKAN_LAIN ARCI=BUTUH_MASUKAN_LAIN	BBCA: tanpa plotConfig — keluarannya penanda/label, bukan deret angka
rising-three-methods	Rising Three Methods - Bullish	Candlestick Patterns	true	BUTUH_MASUKAN_LAIN	BBCA=BUTUH_MASUKAN_LAIN ARCI=BUTUH_MASUKAN_LAIN	BBCA: tanpa plotConfig — keluarannya penanda/label, bukan deret angka
rising-window	Rising Window - Bullish	Candlestick Patterns	true	BUTUH_MASUKAN_LAIN	BBCA=BUTUH_MASUKAN_LAIN ARCI=BUTUH_MASUKAN_LAIN	BBCA: tanpa plotConfig — keluarannya penanda/label, bukan deret angka
shooting-star	Shooting Star - Bearish	Candlestick Patterns	true	BUTUH_MASUKAN_LAIN	BBCA=BUTUH_MASUKAN_LAIN ARCI=BUTUH_MASUKAN_LAIN	BBCA: tanpa plotConfig — keluarannya penanda/label, bukan deret angka
spinning-top-black	Spinning Top Black	Candlestick Patterns	true	BUTUH_MASUKAN_LAIN	BBCA=BUTUH_MASUKAN_LAIN ARCI=BUTUH_MASUKAN_LAIN	BBCA: tanpa plotConfig — keluarannya penanda/label, bukan deret angka
spinning-top-white	Spinning Top White	Candlestick Patterns	true	BUTUH_MASUKAN_LAIN	BBCA=BUTUH_MASUKAN_LAIN ARCI=BUTUH_MASUKAN_LAIN	BBCA: tanpa plotConfig — keluarannya penanda/label, bukan deret angka
three-black-crows	Three Black Crows - Bearish	Candlestick Patterns	true	BUTUH_MASUKAN_LAIN	BBCA=BUTUH_MASUKAN_LAIN ARCI=BUTUH_MASUKAN_LAIN	BBCA: tanpa plotConfig — keluarannya penanda/label, bukan deret angka
three-white-soldiers	Three White Soldiers - Bullish	Candlestick Patterns	true	BUTUH_MASUKAN_LAIN	BBCA=BUTUH_MASUKAN_LAIN ARCI=BUTUH_MASUKAN_LAIN	BBCA: tanpa plotConfig — keluarannya penanda/label, bukan deret angka
tri-star-bearish	Tri-Star - Bearish	Candlestick Patterns	true	BUTUH_MASUKAN_LAIN	BBCA=BUTUH_MASUKAN_LAIN ARCI=BUTUH_MASUKAN_LAIN	BBCA: tanpa plotConfig — keluarannya penanda/label, bukan deret angka
tri-star-bullish	Tri-Star - Bullish	Candlestick Patterns	true	BUTUH_MASUKAN_LAIN	BBCA=BUTUH_MASUKAN_LAIN ARCI=BUTUH_MASUKAN_LAIN	BBCA: tanpa plotConfig — keluarannya penanda/label, bukan deret angka
tweezer-bottom	Tweezer Bottom - Bullish	Candlestick Patterns	true	BUTUH_MASUKAN_LAIN	BBCA=BUTUH_MASUKAN_LAIN ARCI=BUTUH_MASUKAN_LAIN	BBCA: tanpa plotConfig — keluarannya penanda/label, bukan deret angka
tweezer-top	Tweezer Top - Bearish	Candlestick Patterns	true	BUTUH_MASUKAN_LAIN	BBCA=BUTUH_MASUKAN_LAIN ARCI=BUTUH_MASUKAN_LAIN	BBCA: tanpa plotConfig — keluarannya penanda/label, bukan deret angka
upside-tasuki-gap	Upside Tasuki Gap - Bullish	Candlestick Patterns	true	BUTUH_MASUKAN_LAIN	BBCA=BUTUH_MASUKAN_LAIN ARCI=BUTUH_MASUKAN_LAIN	BBCA: tanpa plotConfig — keluarannya penanda/label, bukan deret angka
aroon-oscillator	Aroon Oscillator	Trend	false	BEKERJA	BBCA=BEKERJA ARCI=BEKERJA	BBCA: 2455 titik, 14 NaN
nvi	Negative Volume Index (NVI)	Volume	false	BEKERJA	BBCA=BEKERJA ARCI=BEKERJA	BBCA: 4684 titik, 254 NaN
pvi	Positive Volume Index (PVI)	Volume	false	BEKERJA	BBCA=BEKERJA ARCI=BEKERJA	BBCA: 4684 titik, 254 NaN
ulcer-index	Ulcer Index (UI)	Volatility	false	BEKERJA	BBCA=BEKERJA ARCI=BEKERJA	BBCA: 2443 titik, 26 NaN
prings-special-k	Pring's Special K	Momentum	false	BEKERJA	BBCA=BEKERJA ARCI=BEKERJA	BBCA: 1745 titik, 724 NaN
volatility-stop	Volatility Stop	Trend	true	BEKERJA	BBCA=BEKERJA ARCI=BEKERJA	BBCA: 2469 titik, 2469 NaN
vwap	Volume Weighted Average Price (VWAP)	Volume	true	BEKERJA	BBCA=BEKERJA ARCI=BEKERJA	BBCA: 2405 titik, 5002 NaN
up-down-volume	Up/Down Volume	Volume	false	BEKERJA	BBCA=BEKERJA ARCI=BEKERJA	BBCA: 7407 titik
auto-key-levels	Auto Key Levels	Trend	true	BUTUH_MASUKAN_LAIN	BBCA=BUTUH_MASUKAN_LAIN ARCI=BUTUH_MASUKAN_LAIN	BBCA: tanpa plotConfig — keluarannya penanda/label, bukan deret angka
auto-trend-detector	Auto Trend Detector	Trend	true	BUTUH_MASUKAN_LAIN	BBCA=BUTUH_MASUKAN_LAIN ARCI=BUTUH_MASUKAN_LAIN	BBCA: tanpa plotConfig — keluarannya penanda/label, bukan deret angka
