id	nama	singkat	kategori	grup	overlay	plot
abandoned-baby-bearish	Abandoned Baby - Bearish	Abandoned Baby - Bear	Candlestick Patterns	candlestick	1	0
abandoned-baby-bullish	Abandoned Baby - Bullish	Abandoned Baby - Bull	Candlestick Patterns	candlestick	1	0
accurate-swing-trading	Accurate Swing Trading	AST	Trend	community	1	1
adaptive-hull-ma	72s: Adaptive Hull Moving Average+	AdaptiveHullMA	Moving Averages	community	1	8
adaptive-macd	Adaptive MACD	AdaptiveMACD	Momentum	community	0	3
adaptive-trend-flow	Adaptive Trend Flow [QuantAlgo]	AdaptiveTrendFlow	Trend	community	1	2
adr	Average Day Range (ADR)	ADR	Volatility	standard	0	1
adx	Average Directional Index (ADX)	ADX	Trend	standard	0	1
adx-cobra	ADX by cobra	ADX Cobra	Trend	community	0	3
adx-di-gu5	ADX Di+ Di- [Gu5]	ADX Gu5	Trend	community	0	3
ai-engulfing	AI Engulfing Candle	AIEngulf	Candlestick Patterns	community	1	1
ai-trend-navigator	AI Trend Navigator [K-Neighbor]	AiTrendNavigator	Trend	community	1	2
ak-trend-id	AK TREND ID	AKTID	Trend	community	0	2
all-candlestick-patterns	All Candlestick Patterns	CdlPat	Candlestick Patterns	community	1	1
alma	Arnaud Legoux Moving Average (ALMA)	ALMA	Moving Averages	standard	1	1
alpha-trend	AlphaTrend	AT	Trend	community	1	2
anti-volume-stop	Anti-Volume Stop Loss	AVStop	Trend	community	1	1
aroon	Aroon	Aroon	Trend	standard	0	2
aroon-oscillator	Aroon Oscillator	Aroon Osc	Trend	standard	0	1
atr	Average True Range (ATR)	ATR	Volatility	standard	0	1
atr-plus	ATR+ Stop Loss Indicator	ATR+	Trend	community	0	5
atr-trailing-colored	Average True Range Trailing Stops Colored	ATRTSC	Trend	community	1	1
atr-trailing-stops	ATR Trailing Stops	ATRTS	Trend	community	1	1
auto-fib	Auto Fibonacci	AutoFib	Channels & Bands	community	1	7
auto-fibo-indicators	Auto Fibo on Indicators	AutoFibo	Oscillators	community	0	12
auto-key-levels	Auto Key Levels	Key Levels	Trend	standard	1	0
auto-support	Auto-Support	AutoSup	Channels & Bands	community	1	56
auto-support-resistance	Automatic Support & Resistance	Auto S/R	Channels & Bands	community	1	8
auto-trend-detector	Auto Trend Detector	Auto Trend	Trend	standard	1	0
auto-trendline	Auto Trendline [DojiEmoji]	AutoTL	Trend	community	1	0
average-sentiment-oscillator	Average Sentiment Oscillator	ASO	Oscillators	community	0	2
awesome-oscillator	Awesome Oscillator	AO	Oscillators	standard	0	1
awesome-oscillator-v2	Awesome Oscillator V2	AOv2	Oscillators	community	0	2
banker-fund-flow	Banker Fund Flow Trend Oscillator	BankerFundFlow	Oscillators	community	0	2
bb	Bollinger Bands (BB)	BB	Channels & Bands	standard	1	3
bb-bandwidth	Bollinger BandWidth	BBW	Volatility	standard	0	3
bb-bars	Bollinger Bars	BB Bars	Volatility	standard	1	0
bb-breakout-oscillator	BB Breakout Oscillator	BBBO	Oscillators	community	0	3
bb-fibonacci-ratios	BB Fibonacci Ratios	BB Fib	Channels & Bands	community	1	7
bb-percent-b	Bollinger Bands %B	BB%B	Oscillators	standard	0	1
bb-stoch-rsi	BB Stochastic RSI Extreme Signal	BBStochRSI	Oscillators	community	1	3
bbtrend	BBTrend	BBT	Trend	standard	0	1
better-volume	Better Volume Indicator	BVI	Volume	community	0	2
big-snapper-alerts	Big Snapper Alerts R3.0	SNAPPER	Trend	community	1	5
binary-option-arrows	Binary Option Arrows	BinArrows	Trend	community	1	1
bitcoin-kill-zones	Bitcoin Kill Zones v2	BKZ	Trend	community	1	0
bitcoin-log-curves	Bitcoin Log Growth Curves	BTC Log	Trend	community	1	11
bjorgum-autotrail	Bjorgum AutoTrail	BjAutoTrail	Trend	community	1	1
bjorgum-triple-ema	Fast Length	BTEMA	Moving Averages	community	1	4
bjorgum-tsi	Bjorgum TSI	BTSI	Momentum	community	0	4
bollinger-awesome-alert	Bollinger Awesome Alert R1.1	BBAWE	Trend	community	1	6
boom-hunter-pro	Boom Hunter Pro	Boom Pro	Momentum	community	0	5
bop	Balance of Power (BOP)	BOP	Momentum	standard	0	1
bull-bear-power	Bull Bear Power	BBP	Momentum	standard	0	1
bull-bear-power-trend	Bull Bear Power Trend	BBPT	Momentum	community	0	7
bullish-engulfing-finder	Bullish Engulfing Finder	BullEngulf	Candlestick Patterns	community	1	1
bulls-bears-control	Bulls or Bears in Control	BullBear	Trend	community	0	14
buy-sell-pressure	Buy & Sell Pressure	BSP	Volume	community	0	7
buying-selling-volume	Buying Selling Volume	BSVol	Volume	community	0	6
candlestick-reversal	Candlestick Reversal	CdlRev	Candlestick Patterns	community	1	1
cci	Commodity Channel Index (CCI)	CCI	Oscillators	standard	0	4
cci-obv	CCI coded OBV	CCIOBV	Oscillators	community	0	2
cci-stochastic	CCI Length	CCIStoch	Momentum	community	0	6
cct-bbo	CCT Bollinger Band Oscillator	CCTBBO	Oscillators	community	0	2
cdc-action-zone	CDC Action Zone	CDC	Trend	community	1	2
chaikin-mf	Chaikin Money Flow	CMF	Volume	standard	0	1
chaikin-osc	Chaikin Oscillator	Chaikin	Volume	standard	0	1
chande-kroll-stop	Chande Kroll Stop	CKS	Trend	standard	1	2
chande-mo	Chande Momentum Oscillator	CMO	Oscillators	standard	0	1
chandelier-exit	Chandelier Exit	CE	Trend	community	1	3
chandelier-stop	Chandelier Stop	CStop	Trend	community	1	2
chop-zone	Chop Zone	ChopZ	Trend	standard	0	1
choppiness	Choppiness Index	CHOP	Trend	standard	0	1
cm-ema-trend-bars	CM EMA Trend Bars	CM EMA	Trend	community	1	1
cm-enhanced-ichimoku	CM Enhanced Ichimoku Cloud V5	CM Ichimoku	Channels & Bands	community	1	5
cm-gann-swing	CM Gann Swing High Low V2	Gann Swing	Trend	community	1	2
cm-guppy-ema	CM Guppy EMA	GuppyEMA	Moving Averages	community	1	12
cm-heikin-ashi	CM Heikin-Ashi	CMHA	Candlestick Patterns	community	1	0
cm-laguerre-ppo	CM Laguerre PPO PercentileRank	LagPPO	Oscillators	community	0	4
cm-price-action	CM Price Action Bars	CMPriceAction	Oscillators	community	1	1
cm-rsi-2-lower	CM RSI-2 Strategy Lower	CMRSI2L	Oscillators	community	0	3
cm-rsi-2-upper	CM RSI-2 Strategy Upper	CMRSI2	Oscillators	community	1	2
cm-rsi-ema	CM RSI Plus EMA	CMRSIEMA	Oscillators	community	0	4
cm-sling-shot	CM Sling Shot System	CMSlShot	Trend	community	1	2
cm-stoch-highlight	CM Stochastic Highlight Bars	CMStochHL	Oscillators	community	0	0
cm-time-lines	CM Time Based Vertical Lines	CMTime	Trend	community	0	0
cm-vix-fix-v3	CM Williams Vix Fix V3	VixFixV3	Oscillators	community	0	5
cog-channel	Center of Gravity Channel	COGCh	Channels & Bands	community	1	7
colored-volume	Colored Volume Bars	CVolBars	Volume	community	0	2
connors-rsi	Connors RSI	CRSI	Oscillators	standard	0	1
consolidation-zones	Consolidation Zones - Live	ConsolidationZones	Channels & Bands	community	1	2
coppock-curve	Coppock Curve	Coppock	Momentum	standard	0	1
coral-trend	Coral Trend	Coral	Trend	community	1	1
cvd	Cumulative Volume Delta	CVD	Volume	standard	0	0
dark-cloud-cover	Dark Cloud Cover - Bearish	Dark Cloud Cover - Bear	Candlestick Patterns	candlestick	1	0
darvas-box	Darvas Box	Darvas	Candlestick Patterns	community	1	2
delta-rsi-oscillator	Delta-RSI Oscillator	DRSI	Momentum	community	0	3
dema	Double EMA (DEMA)	DEMA	Moving Averages	standard	1	1
divergence-indicator	Divergence Indicator	DivergenceIndicator	Momentum	community	0	0
dmi	Directional Movement Index	DMI	Trend	standard	0	3
dmi-adx-levels	Directional Movement Index + ADX & Key Levels	DMI ADX	Trend	community	0	3
doji	Doji	Doji	Candlestick Patterns	candlestick	1	0
doji-star-bearish	Doji Star - Bearish	Doji Star - Bear	Candlestick Patterns	candlestick	1	0
doji-star-bullish	Doji Star - Bullish	Doji Star - Bull	Candlestick Patterns	candlestick	1	0
donchian	Donchian Channels (DC)	DC	Channels & Bands	standard	1	3
donchian-custom	Custom Donchian Channels	DonchianC	Channels & Bands	community	1	3
donchian-trend-ribbon	Donchian Trend Ribbon	DTR	Trend	community	0	10
double-macd	MACD1 Fast	DMACD	Momentum	community	0	6
downside-tasuki-gap	Downside Tasuki Gap - Bearish	Downside Tasuki Gap - Bear	Candlestick Patterns	candlestick	1	0
dpo	Detrended Price Oscillator	DPO	Oscillators	standard	0	1
dragonfly-doji	Dragonfly Doji - Bullish	Dragonfly Doji - Bull	Candlestick Patterns	candlestick	1	0
dynamic-structure-indicator	Dynamic Structure Indicator	DSI	Trend	community	1	8
easy-trend-colors	Easy Entry/Exit Trend Colors	EasyTrend	Trend	community	1	5
ehlers-instantaneous-trend	Ehlers Instantaneous Trend	EIT	Trend	community	1	2
ehlers-mesa-ma	Ehlers MESA Adaptive Moving Average	MESA	Moving Averages	community	1	2
ehlers-stochastic-cg	Ehlers Stochastic CG Oscillator	ESCG	Oscillators	community	0	2
elder-force	Elder Force Index	EFI	Momentum	standard	0	1
elliott-wave-oscillator	Elliott Wave Oscillator	EWO	Oscillators	community	0	1
ema	Exponential Moving Average (EMA)	EMA	Moving Averages	standard	1	4
ema-enveloper	EMA Enveloper	EMAE	Moving Averages	community	1	3
ema-ma-crossover	EMA & MA Crossover	EMAC	Moving Averages	community	1	2
ema-multi	EMA 20/50/100/200	EMA4	Moving Averages	community	1	4
ema-ribbon	EMA Ribbon	EMAR	Moving Averages	community	1	8
ema-supertrend	EMA + SuperTrend	EMA+ST	Moving Averages	community	1	14
ema-wave	EMA Wave Indicator	EMAW	Moving Averages	community	0	5
engulfing-bearish	Engulfing - Bearish	Engulfing - Bear	Candlestick Patterns	candlestick	1	0
engulfing-bullish	Engulfing - Bullish	Engulfing - Bull	Candlestick Patterns	candlestick	1	0
entry-points	Entry Points	EntryPts	Oscillators	community	1	0
envelope	Envelope	Env	Channels & Bands	standard	1	3
envelope-rsi	Envelope RSI	EnvRSI	Oscillators	community	0	7
eom	Ease of Movement	EOM	Volume	standard	0	1
evening-doji-star	Evening Doji Star - Bearish	Evening Doji Star - Bear	Candlestick Patterns	candlestick	1	0
evening-star	Evening Star - Bearish	Evening Star - Bear	Candlestick Patterns	candlestick	1	0
evwma-envelope	EVWMA Envelope	EVWMA	Oscillators	community	1	3
faith-indicator	Faith Indicator	Faith	Trend	community	0	2
falling-three-methods	Falling Three Methods - Bearish	Falling Three Methods - Bear	Candlestick Patterns	candlestick	1	0
falling-window	Falling Window - Bearish	Falling Window - Bear	Candlestick Patterns	candlestick	1	0
false-breakout	False Breakout (Expo)	FalseBreakout	Channels & Bands	community	1	0
fibonacci-bollinger-bands	Fibonacci Bollinger Bands	FBB	Channels & Bands	community	1	13
fibonacci-levels	Fibonacci Levels	FibLvl	Channels & Bands	community	1	13
fibonacci-zone	Fibonacci Zone	FibZone	Channels & Bands	community	1	6
fisher-transform	Fisher Transform	Fisher	Oscillators	standard	0	2
follow-line	Follow Line	FLI	Trend	community	1	1
forecast-oscillator	Forecast Oscillator	FOSC	Oscillators	community	0	1
forex-sessions	Forex Sessions	FXSessions	Oscillators	community	0	1
fvg-positioning-average	FVG Positioning Average	FVG Pos Avg	Trend	community	1	2
fx-sniper-t3-cci	FX Sniper T3-CCI	T3CCI	Oscillators	community	0	2
gann-high-low	Gann High Low	GannHL	Trend	community	1	1
gaussian-channel	Length	GC	Channels & Bands	community	1	3
gmma	Guppy Multiple Moving Average	GMMA	Moving Averages	community	1	12
gmma-oscillator	GMMA Oscillator	GMMAOSC	Trend	community	0	3
gravestone-doji	Gravestone Doji - Bearish	Gravestone Doji - Bear	Candlestick Patterns	candlestick	1	0
half-trend	HalfTrend	HT	Trend	community	1	3
hammer	Hammer - Bullish	Hammer - Bull	Candlestick Patterns	candlestick	1	0
hanging-man	Hanging Man - Bearish	Hanging Man - Bear	Candlestick Patterns	candlestick	1	0
harami-bearish	Harami - Bearish	Harami - Bear	Candlestick Patterns	candlestick	1	0
harami-bullish	Harami - Bullish	Harami - Bull	Candlestick Patterns	candlestick	1	0
harami-cross-bearish	Harami Cross - Bearish	Harami Cross - Bear	Candlestick Patterns	candlestick	1	0
harami-cross-bullish	Harami Cross - Bullish	Harami Cross - Bull	Candlestick Patterns	candlestick	1	0
hawkeye-volume	HawkEye Volume	HEVol	Volume	community	0	1
heatmap-volume	Heatmap Volume	HMV	Volume	community	0	6
heikin-ashi-rsi-oscillator	Heikin Ashi RSI Oscillator	HA-RSI	Momentum	community	0	6
hema-trend-levels	HEMA Trend Levels	HEMA	Trend	community	1	2
hist-volatility	Historical Volatility	HV	Volatility	standard	0	1
hma	Hull Moving Average (HMA)	HMA	Moving Averages	standard	1	1
hott-lott	HOTT LOTT	HOTTLOTT	Trend	community	1	2
hull-butterfly-oscillator	Hull Butterfly Oscillator	HBO	Momentum	community	0	6
hull-suite	Hull Suite	HS	Trend	community	1	2
hyper-trend	HyperTrend [LuxAlgo]	HyperTrend	Trend	community	1	3
ichimoku	Ichimoku Cloud	Ichimoku	Trend	standard	1	9
ichimoku-ema-bands	Ichimoku EMA Bands	Ichi EMA	Channels & Bands	community	1	7
ichimoku-oscillator	Conversion Periods	IchiOsc	Momentum	community	0	5
ideal-bb-ma	BB Length	IBBMA	Moving Averages	community	1	7
ideal-entry-point	Ideal Entry Point	IEP	Trend	community	1	0
ift-stoch-rsi-cci	IFT Stoch RSI CCI	IFTCombo	Momentum	community	0	5
impulse-macd	Impulse MACD	IMACD	Momentum	community	0	3
intraday-buy-sell	Intraday BUY_SELL	IBS	Trend	community	1	1
intraday-ts-bb	Intraday TS BB	ITSBB	Oscillators	community	0	12
intraday-volume-swings	Intraday Volume Swings	IVS	Volume	community	1	8
inverted-hammer	Inverted Hammer - Bullish	Inverted Hammer - Bull	Candlestick Patterns	candlestick	1	0
isolated-peak-bottom	Isolated Peak and Bottom	PeakBot	Oscillators	community	1	1
kaufman-adaptive-ma	Kaufman Adaptive Moving Average	KAMA	Moving Averages	community	1	1
kdj	KDJ	KDJ	Oscillators	community	0	3
keltner	Keltner Channels (KC)	KC	Channels & Bands	standard	1	3
kicking-bearish	Kicking - Bearish	Kicking - Bear	Candlestick Patterns	candlestick	1	0
kicking-bullish	Kicking - Bullish	Kicking - Bull	Candlestick Patterns	candlestick	1	0
klinger	Klinger Oscillator	KVO	Volume	standard	0	2
kst	Know Sure Thing (KST)	KST	Momentum	standard	0	2
laguerre-rsi	Laguerre RSI	LRSI	Momentum	community	0	1
leledc-levels	Leledc Levels	Leledc	Candlestick Patterns	community	1	3
linear-regression-candles	Linear Regression Candles	LRCandle	Candlestick Patterns	community	1	1
linear-regression-channel	Linear Regression Channel	LRC	Channels & Bands	community	1	4
liquidity-grabs	Liquidity Grabs	LiqGrab	Trend	community	1	6
liquidity-levels	Liquidity Levels [LuxAlgo]	LiqLevels	Trend	community	1	0
liquidity-sweeps	Liquidity Sweeps [LuxAlgo]	LiqSweeps	Trend	community	1	0
long-lower-shadow	Long Lower Shadow - Bullish	Long Lower Shadow - Bull	Candlestick Patterns	candlestick	1	0
long-upper-shadow	Long Upper Shadow - Bearish	Long Upper Shadow - Bear	Candlestick Patterns	candlestick	1	0
lsma	Least Squares Moving Average (LSMA)	LSMA	Moving Averages	standard	1	1
lucid-sar	Start	LSAR	Trend	community	1	2
ma-adx	Moving Average ADX	MAADX	Moving Averages	community	1	1
ma-colored	Moving Average Colored	MAC	Moving Averages	community	1	2
ma-converging	Moving Average Converging	MAConverging	Moving Averages	community	1	2
ma-cross	MA Cross	MAC	Moving Averages	standard	1	3
ma-deviation-rate	Moving Average Deviation Rate	MADR	Moving Averages	community	0	4
ma-ribbon	Moving Average Ribbon	MA Ribbon	Moving Averages	standard	1	4
ma-shaded-fill	MA Shaded Fill Crossover	MASF	Moving Averages	community	1	2
ma-shift	Moving Average Shift	MAS	Moving Averages	community	1	6
ma-strategy-emperor	MA Strategy Emperor	MAEmperor	Trend	community	1	5
macd	MACD	MACD	Momentum	standard	0	3
macd-4c	MACD 4C	MACD4C	Momentum	community	0	1
macd-bb	AK MACD BB	MACDBB	Momentum	community	0	4
macd-crossover	MACD Crossover	MACDCross	Momentum	community	0	3
macd-dema	MACD DEMA	MACDDEMA	Momentum	community	0	3
macd-divergence	MACD Divergence	MACDDiv	Momentum	community	0	7
macd-leader	MACD Leader	MACDLeader	Momentum	community	0	4
macd-reloaded	MACD ReLoaded	MACDRe	Momentum	community	0	3
macd-support-resistance	MACD Support and Resistance [ChartPrime]	MACD S/R	Momentum	community	0	3
macd-vxi	MACD VXI	MACDVXI	Momentum	community	0	4
macdas	MACDAS	MACDAS	Momentum	community	0	2
madrid-ma-ribbon	MA Type	MAR	Moving Averages	community	1	20
madrid-trend-squeeze	Madrid Trend Squeeze	MTS	Momentum	community	0	3
market-cipher-a	Market Cipher A	MCA	Oscillators	community	0	8
market-cipher-b	Market Cipher B	MCB	Oscillators	community	0	6
market-shift-levels	Market Shift Levels	MSL	Trend	community	1	1
market-structure-trailing-stop	Market Structure Trailing Stop	MSTS	Trend	community	1	2
marubozu-black	Marubozu Black - Bearish	Marubozu Black - Bear	Candlestick Patterns	candlestick	1	0
marubozu-white	Marubozu White - Bullish	Marubozu White - Bull	Candlestick Patterns	candlestick	1	0
mass-index	Mass Index	MI	Trend	standard	0	1
matrix-series	Matrix Series	MTX	Oscillators	community	0	4
mavilimw	MavilimW	MAVW	Trend	community	1	2
mc-ginley-dynamic	McGinley Dynamic	MD	Moving Averages	standard	1	1
median	Median	MED	Channels & Bands	standard	1	6
mfi	Money Flow Index	MFI	Volume	standard	0	1
mfi-rsi-bb	MFI/RSI Bollinger Bands	MFIRSBB	Oscillators	community	0	4
ml-adaptive-supertrend	ML Adaptive SuperTrend	MlAdaptiveSupertrend	Trend	community	1	2
ml-knn-strategy	ML: kNN Strategy	MlKnnStrategy	Momentum	community	0	1
ml-momentum-index	ML Momentum Index	MlMomentumIndex	Momentum	community	0	7
ml-moving-average	ML Moving Average	MlMovingAverage	Moving Averages	community	1	3
ml-rsi	ML RSI	MlRsi	Momentum	community	0	4
modified-heikin-ashi	Modified Heikin-Ashi	ModHA	Candlestick Patterns	community	1	1
momentum	Momentum	Mom	Momentum	standard	0	1
momentum-zigzag	Momentum-based ZigZag	MomZZ	Trend	community	1	1
moon-phases	Moon Phases	Moon	Trend	standard	1	0
morning-doji-star	Morning Doji Star - Bullish	Morning Doji Star - Bull	Candlestick Patterns	candlestick	1	0
morning-star	Morning Star - Bullish	Morning Star - Bull	Candlestick Patterns	candlestick	1	0
most-rsi	RSI Length	MOST-RSI	Momentum	community	0	12
multiple-divergences	Multiple Divergences	Multi Div	Momentum	community	1	1
multiple-ma	Multiple Moving Averages	MMA	Moving Averages	community	1	6
murreys-math-osc	MurreysOscillator	MMO	Oscillators	community	0	5
net-volume	Net Volume	Net Vol	Volume	standard	0	1
normalized-qqe	Normalized QQE	nQQE	Oscillators	community	0	2
nrtr	ATR Period	NRTR	Trend	community	1	2
nvi	Negative Volume Index (NVI)	NVI	Volume	standard	0	2
obv	On Balance Volume (OBV)	OBV	Volume	standard	0	4
obv-macd	OBV MACD	OBVMACD	Volume	community	0	3
obv-oscillator	OBV Oscillator	OBVOsc	Volume	community	0	2
on-neck	On Neck - Bearish	On Neck - Bear	Candlestick Patterns	candlestick	1	0
open-close-cross	Open Close Cross	OCC	Momentum	community	0	3
optimized-trend-tracker	Optimized Trend Tracker	OTT	Trend	community	1	2
order-blocks-signals	Order Blocks with Signals	OBSignals	Trend	community	1	0
ott-bands	Source	OTTBands	Channels & Bands	community	1	8
otto	Source	OTTO	Oscillators	community	0	2
parabolic-rsi	RSI Length	PRSI	Momentum	community	0	2
parabolic-sar	Parabolic SAR	SAR	Trend	standard	1	1
parallel-pivot-lines	Parallel Pivot Lines	PPL	Channels & Bands	community	1	6
philakone-ema-swing	Philakone 55 EMA Swing Trading	P55EMA	Moving Averages	community	1	4
piercing	Piercing - Bullish	Piercing - Bull	Candlestick Patterns	candlestick	1	0
pivot-hh-hl-lh-ll	Left Bars	PivotHHLL	Trend	community	1	3
pivot-point-supertrend	Pivot Point SuperTrend	PPST	Trend	community	1	4
pivot-trailing-maxmin	Pivot Based Trailing Maxima & Minima	PivotTrailingMaxMin	Channels & Bands	community	1	3
pmax-rsi-t3	RSI Length	PMaxRSIT3	Momentum	community	0	5
ppo-alerts	PPO Alerts	PPOAlerts	Momentum	community	0	5
ppo-divergence	PPO Divergence	PPODiv	Momentum	community	0	5
predictive-channels	Predictive Channels	PC	Channels & Bands	community	1	5
premier-rsi	Premier RSI Oscillator	PRO	Momentum	community	0	2
premier-stochastic	Premier Stochastic Oscillator	PSO	Oscillators	community	0	2
price-action-system	Price Action Trading System	PATS	Oscillators	community	1	5
price-divergence-detector	Price Divergence Detector	Div Detect	Momentum	community	1	2
price-momentum-oscillator	Price Momentum Oscillator	PMO	Momentum	community	0	3
price-oscillator	Price Oscillator (PPO)	PPO	Momentum	standard	0	3
price-volume-profile	Price & Volume Profile (Expo)	PVP	Volume	community	1	0
prings-special-k	Pring's Special K	Special K	Momentum	standard	0	1
profit-maximizer	ATR Period	PMax	Moving Averages	community	1	2
pvi	Positive Volume Index (PVI)	PVI	Volume	standard	0	2
pvt	Price Volume Trend	PVT	Volume	standard	0	1
qqe	Quantitative Qualitative Estimation	QQE	Oscillators	community	0	2
qqe-cross	QQE Cross	QQEX	Trend	community	1	3
qqe-mod	QQE MOD	QQEM	Momentum	community	0	4
qqe-signals	QQE Signals	QQESig	Oscillators	community	0	0
radius-trend	Radius Trend [ChartPrime]	RadiusTrend	Trend	community	1	3
range-detector	Range Detector	RangeDet	Trend	community	1	2
range-filter-dw	Source	RngFilt	Trend	community	1	3
range-identifier	Range Identifier	RangeID	Channels & Bands	community	1	4
rci	Rank Correlation Index (RCI)	RCI	Oscillators	standard	0	4
rci-3lines	RCI 3 Lines	RCI3	Oscillators	community	0	3
rci-ribbon	RCI Ribbon	RCIR	Oscillators	standard	0	3
realtime-volume-bars	Realtime Volume Bars	VolBuySell	Volume	community	0	4
redk-everex	RedK EVEREX	EVEREX	Momentum	community	0	4
redk-momentum-bars	RedK Momentum Bars	MoBars	Momentum	community	0	0
redk-rss-wma	RedK RSS_WMA	RSS	Moving Averages	community	1	1
redk-tpx	RedK Trader Pressure Index	RedKTPX	Momentum	community	0	5
redk-vader	Length	VADER	Oscillators	community	0	4
relative-volume-at-time	Relative Volume at Time	RelVol	Volume	standard	0	1
renko-chart	Renko Chart	Renko	Trend	community	1	4
reversal-candle-setup	Reversal Candle Setup	RevCdl	Candlestick Patterns	community	1	1
ripster-ema-clouds	Ripster EMA Clouds	REC	Trend	community	1	10
rising-three-methods	Rising Three Methods - Bullish	Rising Three Methods - Bull	Candlestick Patterns	candlestick	1	0
rising-window	Rising Window - Bullish	Rising Window - Bull	Candlestick Patterns	candlestick	1	0
rma	Smoothed Moving Average (RMA)	RMA	Moving Averages	standard	1	1
rmi-trend-sniper	RMI Length	RMI	Momentum	community	0	6
roc	Rate of Change (ROC)	ROC	Momentum	standard	0	1
rs-support-resistance	[RS] Support and Resistance V0	RS S/R	Channels & Bands	community	1	8
rsi	Relative Strength Index (RSI)	RSI	Oscillators	standard	0	7
rsi-bands	RSI Bands	RSIB	Channels & Bands	community	1	3
rsi-bb-dispersion	RSI + BB + Dispersion	RSIBB	Oscillators	community	0	8
rsi-candles	RSI Candles	RSIC	Momentum	community	0	0
rsi-cyclic-smoothed	RSI Length	RSICS	Momentum	community	0	3
rsi-divergence	RSI Divergence	RSIDiv	Oscillators	community	0	1
rsi-histoalert	RSI HistoAlert	RSIHist	Oscillators	community	0	2
rsi-momentum-divergence	RSI Momentum Divergence	RSIM Div	Oscillators	community	0	2
rsi-snabbel	RSI Snabbel	RSISnab	Oscillators	community	0	2
rsi-supply-demand	RSI Supply/Demand	RSI S/D	Trend	community	1	6
rsi-swing-signal	RSI Swing Signal	RSISwing	Oscillators	community	0	1
rsi-tops-bottoms	RSI Tops and Bottoms	RSI T&B	Momentum	community	0	3
rvi	Relative Vigor Index	RVI	Oscillators	standard	0	2
rvol	Relative Volatility Index	RVol	Volatility	standard	0	4
sar-ema-macd	SAR + EMA + MACD Signals	SEM	Oscillators	community	1	2
scalping-line	Scalping Line	SL	Oscillators	community	1	2
schaff-trend-cycle	Schaff Trend Cycle	STC	Oscillators	community	0	3
sell-buy-rates	Sell & Buy Rates	SBR	Volume	community	0	1
shooting-star	Shooting Star - Bearish	Shooting Star - Bear	Candlestick Patterns	candlestick	1	0
signal-ma	Signal Moving Average	SigMA	Moving Averages	community	1	2
simple-moving-averages	Simple Moving Averages	SMA5	Moving Averages	community	1	10
slow-heiken-ashi	Slow Heiken Ashi	SlowHA	Candlestick Patterns	community	1	0
sma	Simple Moving Average (SMA)	SMA	Moving Averages	standard	1	4
smi-ergodic	SMI Ergodic Indicator	SMII	Oscillators	standard	0	2
smi-ergodic-osc	SMI Ergodic Oscillator	SMIO	Oscillators	standard	0	1
smi-ucs	Stochastic Momentum Index UCS	SMIUCS	Oscillators	community	0	2
smma	Smoothed Moving Average	SMMA	Moving Averages	standard	1	1
smoothed-heiken-ashi	Smoothed Heiken Ashi	SmHA	Trend	community	1	0
spinning-top-black	Spinning Top Black	Spinning Top Black	Candlestick Patterns	candlestick	1	0
spinning-top-white	Spinning Top White	Spinning Top White	Candlestick Patterns	candlestick	1	0
squeeze-momentum	Squeeze Momentum	SQZMOM	Momentum	community	0	2
squeeze-momentum-v2	Squeeze Momentum V2	SQZMOMV2	Oscillators	community	0	3
sr-levels-breaks	Support and Resistance Levels with Breaks	S/R Breaks	Channels & Bands	community	1	2
ssl-channel	SSL Channel	SSL	Trend	community	1	2
st0p	ST0P	ST0P	Oscillators	community	1	2
standardized-macd-ha	Standardized MACD HA	SMACDHA	Momentum	community	0	2
stdev	Standard Deviation	StDev	Volatility	standard	0	1
stoch	Stochastic	Stoch	Oscillators	standard	0	2
stoch-pop-1	CM Stochastic POP Method 1	StochPOP1	Oscillators	community	0	5
stoch-pop-2	CM Stochastic POP Method 2	StochPOP2	Oscillators	community	0	5
stoch-rsi	Stochastic RSI	StochRSI	Oscillators	standard	0	2
stoch-vx3	Stoch VX3	StochVX3	Oscillators	community	0	2
stochastic-heat-map	Stochastic Heat Map	SHM	Momentum	community	0	3
stochastic-momentum-index	Stochastic Momentum Index	SMI	Oscillators	community	0	7
stochastic-ott	Stochastic OTT	StochOTT	Oscillators	community	0	3
super-guppy	Super Guppy	SGuppy	Trend	community	1	6
super-smoothed-macd	Super Smoothed MACD	SSMACD	Momentum	community	0	3
super-supertrend	Super SuperTrend	SST	Trend	community	1	3
supertrend	Supertrend	ST	Trend	standard	1	3
supertrend-ai-clustering	SuperTrend AI Clustering	SupertrendAiClustering	Trend	community	1	2
supertrend-cci	BEST Supertrend CCI	SupertrendCCI	Trend	community	1	1
supertrend-channels	SuperTrend Channels	STCh	Channels & Bands	community	1	4
supertrend-ladder	ATR Period	STLadder	Trend	community	1	3
support-resistance-channels	Support Resistance Channels	SRChannel	Trend	community	1	0
swing-highs-lows-patterns	Swing Highs/Lows & Candle Patterns	SwingPat	Candlestick Patterns	community	1	1
swing-trade-signals	Swing Trade Signals	STS	Oscillators	community	1	1
t3-psar	T3 Length	T3+SAR	Moving Averages	community	1	4
td-macd	Tom DeMark MACD	TDMacd	Momentum	community	0	3
tdi-hlc-trix	Traders Dynamic Index	TDI	Oscillators	community	0	5
tdi-rsi	TDI - Traders Dynamic Index	TDI	Momentum	community	0	5
tema	Triple EMA (TEMA)	TEMA	Moving Averages	standard	1	1
three-black-crows	Three Black Crows - Bearish	Three Black Crows - Bear	Candlestick Patterns	candlestick	1	0
three-moving-averages	Three Moving Averages	3MA	Moving Averages	community	1	3
three-white-soldiers	Three White Soldiers - Bullish	Three White Soldiers - Bull	Candlestick Patterns	candlestick	1	0
tillson-t3	Tillson T3	T3	Trend	community	1	2
tma-bands	Triangular MA Bands	TMA	Channels & Bands	community	1	3
tonyux-ema-scalper	TonyUX EMA Scalper	TUXS	Oscillators	community	1	3
top-bottom-candle	Top & Bottom Candle	UCS_T&B	Candlestick Patterns	community	0	3
tops-bottoms	Tops/Bottoms	TB	Oscillators	community	1	2
trader-xo	Trader XO Macro Trend Scanner	TraderXO	Oscillators	community	1	3
trama	Trend Regularity Adaptive MA	TRAMA	Moving Averages	community	1	1
transient-zones	Transient Zones v1.1	TZones	Channels & Bands	community	1	5
trend-following-ma	Trend Following Moving Averages	TFMA	Moving Averages	community	1	20
trend-impulse-channels	Trend Impulse Channels	TIC	Trend	community	1	3
trend-line-auto	Trend Line Auto	TrendLine	Trend	community	1	1
trend-lines-v2	Trend Lines v2	TLv2	Trend	community	1	0
trend-magic	Trend Magic	TM	Trend	community	1	1
trend-strength	Trend Strength Index	TrStr	Trend	standard	0	4
trend-trader	Trend Trader Strategy	TrendTrader	Trend	community	1	2
trend-trigger-factor	Trend Trigger Factor	TTF	Oscillators	community	0	3
trendlines-with-breaks	Trendlines with Breaks [LuxAlgo]	TwB	Trend	community	1	2
tri-star-bearish	Tri-Star - Bearish	Tri-Star - Bear	Candlestick Patterns	candlestick	1	0
tri-star-bullish	Tri-Star - Bullish	Tri-Star - Bull	Candlestick Patterns	candlestick	1	0
triangular-momentum-osc	Triangular Momentum Oscillator	TMO	Oscillators	community	0	1
triple-ma-forecast	Triple MA Forecast	3MAF	Moving Averages	community	1	12
trix	TRIX	TRIX	Momentum	standard	0	1
tsi	True Strength Index	TSI	Oscillators	standard	0	2
ttm-squeeze-pro	TTM Squeeze Pro	TTMSqzPro	Oscillators	community	0	2
turtle-trade-channels	Turtle Trade Channels	TTC	Channels & Bands	community	1	6
twap	Time Weighted Average Price (TWAP)	TWAP	Moving Averages	standard	1	1
tweezer-bottom	Tweezer Bottom - Bullish	Tweezer Bottom - Bull	Candlestick Patterns	candlestick	1	0
tweezer-top	Tweezer Top - Bearish	Tweezer Top - Bear	Candlestick Patterns	candlestick	1	0
tweezers-kangaroo-tail	Tweezers & Kangaroo Tail	Tweez/Kang	Candlestick Patterns	community	1	1
twin-range-filter	Twin Range Filter	TRF	Trend	community	1	2
ulcer-index	Ulcer Index (UI)	UI	Volatility	standard	0	1
ultimate-buy-sell	Ultimate Buy & Sell	UltimateBS	Trend	community	1	5
ultimate-osc	Ultimate Oscillator	UO	Oscillators	standard	0	1
ultimate-rsi	Ultimate RSI [LuxAlgo]	UltimateRSI	Momentum	community	0	5
up-down-volume	Up/Down Volume	U/D Vol	Volume	standard	0	3
upside-tasuki-gap	Upside Tasuki Gap - Bullish	Upside Tasuki Gap - Bull	Candlestick Patterns	candlestick	1	0
ut-bot	UT Bot	UTBot	Trend	community	1	1
variable-ma	Variable Moving Average	VMA	Moving Averages	community	1	1
vdub-sniper	Vdub FX Sniper	VSniper	Oscillators	community	1	9
vdubus-binarypro	vdubus BinaryPro	VBP	Oscillators	community	1	5
vervoort-ha-oscillator	Vervoort HA LT Candlestick Oscillator	VHO	Oscillators	community	0	1
volatility-stop	Volatility Stop	VStop	Trend	standard	1	2
volumatic-sr-levels	Volumatic S/R Levels	VolSR	Trend	community	1	6
volume-accumulation-pct	Volume Accumulation Percentage	VA%	Volume	community	0	4
volume-bar-breakout	Volume Bar Breakout	VolBreak	Volume	community	1	2
volume-colored-bars	Volume Colored Bars	VCBars	Volume	community	0	1
volume-delta	Volume Delta	Vol Δ	Volume	standard	0	0
volume-divergence	Volume Divergence	VolDiv	Volume	community	0	1
volume-flow-indicator	Volume Flow Indicator	VFI	Volume	community	0	3
volume-flow-v3	Volume Flow v3	VFv3	Volume	community	0	7
volume-footprint	Volume Footprint	VFP	Volume	community	1	1
volume-linreg-trend	Volume LinReg Trend	VLRTrend	Volume	community	1	2
volume-osc	Volume Oscillator	VO	Volume	standard	0	1
volume-supertrend-ai	Volume SuperTrend AI	VolumeSuperTrendAi	Trend	community	1	5
vortex	Vortex Indicator	VI	Trend	standard	0	2
vpci	Volume Price Confirmation Indicator	VPCI	Volume	community	0	6
vumanchu-swing	VuManChu Swing Free	VMC Swing	Trend	community	1	3
vw-macd-v2	Volume Weighted MACD V2	VWMACDV2	Momentum	community	0	3
vwap	Volume Weighted Average Price (VWAP)	VWAP	Volume	standard	1	3
vwap-mvwap-ema-crossover	VWAP/MVWAP/EMA Crossover	VWAP-X	Trend	community	1	6
vwma	Volume Weighted Moving Average (VWMA)	VWMA	Moving Averages	standard	1	1
vwmacd-szo	VWMACD & SZO	VWMACDSZO	Momentum	community	0	4
waddah-attar-explosion	Waddah Attar Explosion	WAE	Momentum	community	0	4
wavetrend	WaveTrend	WT	Oscillators	community	0	3
wavetrend-oscillator	WaveTrend Oscillator	WT	Momentum	community	0	6
weighted-ma-function	Beta-Weighted Moving Average	WeightedMAFunction	Moving Averages	community	1	1
weis-wave-volume	Weis Wave Volume	WWV	Volume	community	0	1
wicked-fractals	WICK.ED Fractals	WFrac	Oscillators	community	1	1
williams-alligator	Williams Alligator	Alligator	Trend	standard	1	3
williams-combo	Williams Alligator + Fractals	WilliamsCombo	Trend	community	1	5
williams-fractals	Williams Fractals	Fractals	Trend	standard	1	0
williams-r	Williams %R	%R	Oscillators	standard	0	1
williams-vix-fix	Williams Vix Fix	WVF	Volatility	community	0	4
wma	Weighted Moving Average (WMA)	WMA	Moving Averages	standard	1	1
woodies-cci	Woodies CCI	WCCI	Oscillators	standard	0	3
zero-lag-ema	Zero Lag EMA	ZLEMA	Moving Averages	community	1	3
zero-lag-macd	Zero Lag MACD	ZLMACD	Momentum	community	0	6
zigzag	Zig Zag	ZigZag	Trend	standard	1	0
zigzag-fibonacci	ZigZag with Fibonacci Levels	ZZ Fibo	Trend	community	1	0
zlma-trend-levels	Length	ZLMA-TL	Moving Averages	community	1	2
zlsma	Zero Lag LSMA (ZLSMA)	ZLSMA	Moving Averages	community	1	1
